sentence,sentiment
포웰은 각국의 인간탄환들이 총출동한 이번 대회에서 우승하며 아테네올림픽  100m 레이스의 강력한 금메달 후보로 부상했다,0.9945693612098694
 아사나쇼불르그리스 태권도 대표  금메달의 가장 큰 라이벌 한국입니다,0.9969624876976013
  이번 대회에서 베트남 대표 1진이 금메달 6개 은메달 4개 동메달 4개로 종합 1위를 차지했으며 한국 선발팀이 금메달 6개와 은메달 4개 동메달 1개로 그 뒤를 이었다,0.6475339531898499
사진와 북한의 계순희24가 아테네 올림픽에서 금메달을 목에 걸 가능성이 높은 선수 1순위로 꼽혔다,0.7321913838386536
  지난 1996년 애틀랜타 올림픽에서 다무라 료코현 다니 료코를 꺾고 금메달을 딴 계순희도 금메달 후보로 지목됐다,0.9227669835090637
사진이 아테네올림픽 개막을 13일 앞두고 영국에서 열린 국제육상연맹IAAF 슈퍼그랑프리대회에서 금메달 후보 모리스 그린30,0.7763887643814087
올해 자메이카 국내 대회에서 9초91을 기록한 바 있는 포웰은 각국의 톱 스프린터 16명이 출전한 이번 대회에서 우승 아테네올림픽 남자 100m의 강력한 금메달 후보로 떠올랐다,0.9703372120857239
 시드니올림픽 금메달리스트 그린은 비록 2위에 그쳤지만 포웰과 함께 유이하게 9초대에 골인 녹슬지 않은 기량을 과시했다,0.615929365158081
  한국 여자하키팀 감독을 역임한 유채영씨의 아들인 유효식은 아버지의 지도로 14때부터 하키를 하기시작했다 득점감각이 뛰어나다는 평을 듣고 있는 유효식은 잡지를 통해 “아테네 올림픽에서 금메달을 딴뒤 독일 네덜란드 오스트레일리아 등에서 뛰고 싶다”는 당찬 포부를 밝혔다,0.9856988787651062
 ‘카슈미르’ 분쟁을 비롯한 정치적 대립으로 세계최고의 하키 라이벌전을 펼치며 명맥을 이어가고 있는 인도 파키스탄의 아시아세와 강한 체력을 앞세운 유럽식 하키를 구사하는 독일 네덜란드를 뚫고 한국 남자하키가 시드니 올림픽에서 못다이룬 금메달의 꿈을 이룰 지 주목된다,0.959039568901062
 김경훈이 시드니올림  픽에서 금메달을 목에 걸자 남몰래 울어야 했던 문대성은 “그때의 아픔은 잊었다,0.9970887303352356
 대표팀의 김세혁 감독은 “80㎏급 선수들이 모두 2ｍ대 장신이라  절대 거리를 주지 말고 공격한 뒤 바로 붙을 것을 주문하고 있  다”면서도 “스피드에서 유럽 선수들을 압도하고 있어 걱정하지  않는다”고 문대성의 금메달을 확신한다,0.9721049666404724
 2000년 시드니올림픽에서 금메달 3개은메달 1개를 획득했던 한  국 태권도의 아테네올림픽 예상 금메달 수는 3개,0.33425796031951904
 그러나 김세혁 감독은 “4체급 중 금메달 3개만 따낸다는 목표는  세워본 적이 없다”며 체육회의 예상 메달 집계가 영 마땅치 못 한 표정이다,0.039073921740055084
 윌리엄스는 2000년 시드니올림픽 여자 복식에서 언니 비너스와 함께 금메달을 목에 건 이후 올림픽 단식 우승에 강한 집념을 보이고 있다,0.8341626524925232
올해 윔블던을 포함해 시즌 최다인 8차례 우승컵을 안은 페더러는 다음주 개막되는 아테네올림픽에 출전해 금메달에 도전한다,0.9883878827095032
올림픽과 세계선수권대회를 모두 제패한 선수로는 배길수와 계순희가 있고  올 림픽에서 금메달을 딴 선수로는 김일레슬링과 리호준사격 구영조권투  한경 시역도 최철수권투 등이 있다,0.9899681806564331
현역으로 활동하고 있는 계순희와 리성희는 이번 아테네  올림픽에서도  강력한 금메달 후보로 꼽히고 있다,0.9918573498725891
 1996년 애틀랜타 올림픽 48㎏급에서 금메달을 움켜쥐며 일약  세계적인  선수로 도약한 계순희는 체급을 올려 출전한 2001ㆍ2003년 세계유도선수권에서도 우승했고 리성희는 1999ㆍ2001ㆍ2003년 세계여자역도선수권대회 53㎏급에서 3연패했다,0.9703289270401001
구영조는 1976년 몬트리올 올림픽 권투 54㎏급에서 우승했고 최철수는  1992년 8월 바르셀로나 올림픽 권투 51㎏급에서 금메달을 땄다,0.9351599216461182
  또 리순덕은 1971년 1월 세계체조선수권대회 줄 개인경기에서 한경시는  1980 년 7월 모스크바올림픽 역도 52㎏급에서 금메달을 목에 걸었다,0.9434815645217896
  한국 여자하키팀 감독을 역임한 유채영씨의 아들인 유효식은 아버지의 지도로 14때부터 하키를 하기시작했다 득점감각이 뛰어나다는 평을 듣고 있는 유효식은 잡지를 통해 “아테네 올림픽에서 금메달을 딴뒤 독일 네덜란드 오스트레일리아 등에서 뛰고 싶다”는 당찬 포부를 밝혔다,0.9856988787651062
 ‘카슈미르’ 분쟁을 비롯한 정치적 대립으로 세계최고의 하키 라이벌전을 펼치며 명맥을 이어가고 있는 인도 파키스탄의 아시아세와 강한 체력을 앞세운 유럽식 하키를 구사하는 독일 네덜란드를 뚫고 한국 남자하키가 시드니 올림픽에서 못다이룬 금메달의 꿈을 이룰 지 주목된다,0.959039568901062
 김영호 선수는 남자 플뢰레 종목에서 금메달을 획득했고 이상기 선수는 남자 에페 종목에서 동메달을 목에 걸었다,0.863888144493103
 남자 플뢰레 종목에 참가하는 하창덕 22 박희경 25 최병철 23 선수의 컨디션은 현재 최상이며 유력력 금메달 후보로 여겨지고 있다,0.9943608641624451
 중국 이외에도 스타급 선수들이 즐비한 이탈리아팀은 우리나라의 금메달 사냥에 가장 큰 위협이 되고 있다,0.8050665855407715
 그는 지난 달 쿠바 국제월드컵 결승전에서 세계적인 강호인 프랑스의 자넷 제롬을 물리치고 금메달을 거머쥐었다,0.9206679463386536
 4년전 예상 밖에 금메달을 획득하며 세계를 놀라게 만든 김 감독 32은 다가온 아테네 올림픽을 위해 온 시간을 바쳐 후배 선수들의 경기력 향상을 지도해 왔다,0.9986466765403748
 이번 아테네 올림픽에서는 200여명의 펜싱 선수들이 10개의 금메달을 놓고 경합을 벌이게 된다,0.9972272515296936
올해 윔블던을 포함해 시즌 최다인 8차례 우승컵을 안은 페더러는 다음주 개막되는 아테네올림픽에 출전해 금메달에 도전한다,0.9883878827095032
올림픽과 세계선수권대회를 모두 제패한 선수로는 배길수와 계순희가 있고  올 림픽에서 금메달을 딴 선수로는 김일레슬링과 리호준사격 구영조권투  한경 시역도 최철수권투 등이 있다,0.9899681806564331
현역으로 활동하고 있는 계순희와 리성희는 이번 아테네  올림픽에서도  강력한 금메달 후보로 꼽히고 있다,0.9918573498725891
 1996년 애틀랜타 올림픽 48㎏급에서 금메달을 움켜쥐며 일약  세계적인  선수로 도약한 계순희는 체급을 올려 출전한 2001ㆍ2003년 세계유도선수권에서도 우승했고 리성희는 1999ㆍ2001ㆍ2003년 세계여자역도선수권대회 53㎏급에서 3연패했다,0.9703289270401001
구영조는 1976년 몬트리올 올림픽 권투 54㎏급에서 우승했고 최철수는  1992년 8월 바르셀로나 올림픽 권투 51㎏급에서 금메달을 땄다,0.9351599216461182
  또 리순덕은 1971년 1월 세계체조선수권대회 줄 개인경기에서 한경시는  1980 년 7월 모스크바올림픽 역도 52㎏급에서 금메달을 목에 걸었다,0.9434815645217896
  한국 여자하키팀 감독을 역임한 유채영씨의 아들인 유효식은 아버지의 지도로 14때부터 하키를 하기시작했다 득점감각이 뛰어나다는 평을 듣고 있는 유효식은 잡지를 통해 “아테네 올림픽에서 금메달을 딴뒤 독일 네덜란드 오스트레일리아 등에서 뛰고 싶다”는 당찬 포부를 밝혔다,0.9856988787651062
 ‘카슈미르’ 분쟁을 비롯한 정치적 대립으로 세계최고의 하키 라이벌전을 펼치며 명맥을 이어가고 있는 인도 파키스탄의 아시아세와 강한 체력을 앞세운 유럽식 하키를 구사하는 독일 네덜란드를 뚫고 한국 남자하키가 시드니 올림픽에서 못다이룬 금메달의 꿈을 이룰 지 주목된다,0.959039568901062
한국선수단 金13개 톱10 다짐,0.9987462759017944
 금메달 13개 은메달 10개 동메달 13개를  커트라인 으로 보고 있다,0.7207621932029724
한국선수단 金13개 톱10 다짐,0.9987462759017944
 금메달 13개 은메달 10개 동메달 13개를  커트라인 으로 보고 있다,0.7207621932029724
 한편 한국은 14일 사격 여자 10뻍 공기소총의 서선화 조은영이상 울진군청 및 유도 남자 60㎏급의 최민호창원경륜공단가 첫 금메달에 도전한다,0.8896293640136719
 96애틀랜타올림픽 48㎏급에서 당시 무적행진을 벌이던 다니 료코일본를 꺾고 금메달을 딴 계순희는 지난 2000년 시드니대회에서 52㎏급으로 한 체급 올려 동메달을 획득했다,0.9845030903816223
 한국은 8일 오전 10시부터 1시간 동안 올림픽 선수촌 국제구역 야외극장에서 소말리아 베냉과 함께 입촌식을 치르고 금메달 13개종합순위 10위 재진입의 의지를 다졌다,0.9582312107086182
 이봉주가 8일 새벽 5시10분현지시간부터 아테네올림픽 마라톤코스 중 ‘마의 구간’으로 불리는 1533㎞ 구간을 1시간2분 만에 뛰며 금메달 가능성을 타진했다,0.3806353509426117
 우승기록은 2시간13분대에서 결정될 가능성이 크다”면서 “막판 오르막까지 선두권을 유지하면 금메달 가능성이 있다”고 전망했다,0.9583361744880676
 그린은 세계기록9초78 보유자인 미국의 팀 몽고메리가 국가대표 선발전에서 탈락한 후 가장 유력한 금메달 후보로 꼽혀왔다,0.9124448299407959
 그러나 지난달 24일 프랑스 생드니에서 열린 골드리그에서 프란시스 오비켈루포르투갈에 패한 것을 비롯 포웰에게 두 차례 무너지는 등 최근 세차례 대회에서 모두 2위를 기록 금메달을 확신할 수 없는 처지가 됐다,0.05763500928878784
 포웰이 100m에서 금메달을 따면 자메이카는 올림픽 역사상 첫 육상 단거리 금메달을 따게 된다,0.9328086376190186
 “금메달리스트로 기억되고 싶지 얼굴로 기억되고 싶진 않다”라는 단호함도 빛난다,0.9938772320747375
 ◇체조 여왕 스베틀라나 호르키나25·러시아 96·2000년 올림픽 기계체조 이단평행봉 2연속 금메달을 따낸 호르키나는 3연속 금메달을 노린다,0.9618033170700073
 유달리 인연이 닿지 않았던 올림픽 개인종합에서 금메달을 따낼 수 있을지가 관심사다,0.3585914969444275
 96년 애틀랜타올림픽에선 한국의 ‘원조얼짱’ 금메달리스트가 탄생했다,0.9860169291496277
 지금까지도 한국 배드민턴의 유일한 단식 금메달 수상자다,0.9965171813964844
 2000년 시드니올림픽의 미녀 스타를 꼽는다면 금메달 수로 보나 ‘황금미소’로 보나 육상 단거리 3관왕 매리언 존스미국가 될 것이다,0.9983755350112915
 그 덕에 최근 세계 랭킹 1위로 뛰어오른 이신바예바는 ‘금메달 이상무’를 자신있게 외치고 있다,0.39182350039482117
6  역대 올림픽 한 대회에서 여성이 가장 많이 따낸 금메달 수,0.9905822277069092
7  역대 올림픽 한 대회 통산 최다관왕인 미국의 수영 영웅 마크 스피츠가 7 2년 뮌헨올림픽에서 따낸 금메달 수,0.9916681051254272
872  1896년 대회부터 미국이 따낸 금메달 수 합계,0.6874096393585205
 리샤오펑은  2000년 시드니올림픽 평행봉 종목에서 대만쪽 심판의 보이지 않는 도움으로  한국의 이주형한테서 금메달을 빼앗아간 선수,0.29270485043525696
 리샤오펑은 이미 여러 차례  국제대회를 석권한 체조계의 거물로 각종 국제대회 금메달만 14개다,0.9971110820770264
켄테로스는 당시 예상을 깨고 피니시라인을 가장 먼저 끊으며 그리스 육상 사상 첫 금메달을 따는 쾌거를 이뤘다,0.5171929001808167
알바니아 태생의 디마스와 그루지야공화국에서 태어나 구 소련 해체 이후  독립 국가연합 선수로 뛰었던 카키아스빌리스는 92바르셀로나올림픽부터 시드니까지 3회 연속 금메달을  따내며 그리스의 살아있는 신화로 전 국민적인  인기를  구가하고 있다,0.9963710308074951
 한편 한국은 14일 사격 여자 10뻍 공기소총의 서선화 조은영이상 울진군청 및 유도 남자 60㎏급의 최민호창원경륜공단가 첫 금메달에 도전한다,0.8896293640136719
 96애틀랜타올림픽 48㎏급에서 당시 무적행진을 벌이던 다니 료코일본를 꺾고 금메달을 딴 계순희는 지난 2000년 시드니대회에서 52㎏급으로 한 체급 올려 동메달을 획득했다,0.9845030903816223
 한국은 8일 오전 10시부터 1시간 동안 올림픽 선수촌 국제구역 야외극장에서 소말리아 베냉과 함께 입촌식을 치르고 금메달 13개종합순위 10위 재진입의 의지를 다졌다,0.9582312107086182
 리샤오펑은  2000년 시드니올림픽 평행봉 종목에서 대만쪽 심판의 보이지 않는 도움으로  한국의 이주형한테서 금메달을 빼앗아간 선수,0.29270485043525696
 리샤오펑은 이미 여러 차례  국제대회를 석권한 체조계의 거물로 각종 국제대회 금메달만 14개다,0.9971110820770264
켄테로스는 당시 예상을 깨고 피니시라인을 가장 먼저 끊으며 그리스 육상 사상 첫 금메달을 따는 쾌거를 이뤘다,0.5171929001808167
알바니아 태생의 디마스와 그루지야공화국에서 태어나 구 소련 해체 이후  독립 국가연합 선수로 뛰었던 카키아스빌리스는 92바르셀로나올림픽부터 시드니까지 3회 연속 금메달을  따내며 그리스의 살아있는 신화로 전 국민적인  인기를  구가하고 있다,0.9963710308074951
 리샤오펑은  2000년 시드니올림픽 평행봉 종목에서 대만쪽 심판의 보이지 않는 도움으로  한국의 이주형한테서 금메달을 빼앗아간 선수,0.29270485043525696
 리샤오펑은 이미 여러 차례  국제대회를 석권한 체조계의 거물로 각종 국제대회 금메달만 14개다,0.9971110820770264
 ‘타임’은 이와 함께‘금메달을 목에 걸 유력한 선수인 윤미진처럼 아시아 선수들이 아테네에서 영광 재현에 나서고 있다’고 표지 제목을 뽑았다,0.013814722187817097
올림픽천민호 금메달 기원 응원전,0.0789581909775734
 영주연합뉴스겁 없는 고교생  총잡이로  2004아테네올림픽 에 출전한 남자 10ｍ 공기소총 부문 금메달 유망주 천민호17 선수를 격려하는  응 원전이 고향인 경북 영주시에서 펼쳐진다,0.949496865272522
또한 천 선수의 출신지인 영주시 단산면 주민들은 경기 당일  옥대초등학교에서 면민 체육대회를 한 뒤 천 선수의 금메달 획득을 염원하며 기원제를 올릴 예정이다,0.9450145959854126
경북체육고 2학년에 재학 중인 천 선수는 국가대표 선발전 남자 10ｍ  공기소총 부문에서 60발 모두 명중시키는 괴력을 발휘 이번 대회 유력한 금메달 후보로 손꼽 히고 있다,0.9692701697349548
 역대 최대인 금메달 13개를 따내 8년만에 세계 톱10 진입을 목표로 하고 있는 우리나라 대표선수단은 최종 컨디션 점검을 마치고 결전의 날을 기다리고 있습니다,0.985200047492981
 시드니 올림픽때 3개의 금메달을 획득한 양궁이 이번엔 올림픽 사상 처음으로 남녀 개인 단체등 4개 전 종목 석권을 겨냥하고 있습니다,0.9983301758766174
  전력 평준화로 종주국의 아성을 위협받고 있지만 4체급에서 적어도 3개의 금메달을 노리고 있습니다,0.9969803690910339
 올림픽때마다 금메달 단골 종목가운데 하나인 레슬링 역시 자유형 84kg급의 문의제와 그레코로만형 66kg급의 김인섭에게 금빛 낭보를 기다리고 있습니다,0.9987000226974487
 배드민턴 세계 제1의 혼합 복식조로 평가되는 김동문라경민 환상 콤비는 14개 대회 연속 우승에 이어 올림픽 금메달도 확실해보입니다,0.9984607696533203
 이밖에 사격은 이번 올림픽에서도 첫 금메달을 안겨줄 가능성이 높습니다,0.9975437521934509
 또 최근 국제 무대에서 좋은 성적을 내고 있는 체조와 펜싱에서도 금메달이 기대되고 있고 탁구 남녀복식과 여자핸드볼도 메달에 도전합니다,0.9893403649330139
타임은 또 유력한 금메달 후보 윤미진처럼 아시아선수들이 아테네에서 메달 사냥에 나서고 있다는 표지 제목을 달았습니다,0.046756114810705185
 ‘타임’은 이와 함께‘금메달을 목에 걸 유력한 선수인 윤미진처럼 아시아 선수들이 아테네에서 영광 재현에 나서고 있다’고 표지 제목을 뽑았다,0.013814722187817097
올림픽천민호 금메달 기원 응원전,0.0789581909775734
 영주연합뉴스겁 없는 고교생  총잡이로  2004아테네올림픽 에 출전한 남자 10ｍ 공기소총 부문 금메달 유망주 천민호17 선수를 격려하는  응 원전이 고향인 경북 영주시에서 펼쳐진다,0.949496865272522
또한 천 선수의 출신지인 영주시 단산면 주민들은 경기 당일  옥대초등학교에서 면민 체육대회를 한 뒤 천 선수의 금메달 획득을 염원하며 기원제를 올릴 예정이다,0.9450145959854126
경북체육고 2학년에 재학 중인 천 선수는 국가대표 선발전 남자 10ｍ  공기소총 부문에서 60발 모두 명중시키는 괴력을 발휘 이번 대회 유력한 금메달 후보로 손꼽 히고 있다,0.9692701697349548
 역대 최대인 금메달 13개를 따내 8년만에 세계 톱10 진입을 목표로 하고 있는 우리나라 대표선수단은 최종 컨디션 점검을 마치고 결전의 날을 기다리고 있습니다,0.985200047492981
 시드니 올림픽때 3개의 금메달을 획득한 양궁이 이번엔 올림픽 사상 처음으로 남녀 개인 단체등 4개 전 종목 석권을 겨냥하고 있습니다,0.9983301758766174
  전력 평준화로 종주국의 아성을 위협받고 있지만 4체급에서 적어도 3개의 금메달을 노리고 있습니다,0.9969803690910339
 올림픽때마다 금메달 단골 종목가운데 하나인 레슬링 역시 자유형 84kg급의 문의제와 그레코로만형 66kg급의 김인섭에게 금빛 낭보를 기다리고 있습니다,0.9987000226974487
 배드민턴 세계 제1의 혼합 복식조로 평가되는 김동문라경민 환상 콤비는 14개 대회 연속 우승에 이어 올림픽 금메달도 확실해보입니다,0.9984607696533203
 이밖에 사격은 이번 올림픽에서도 첫 금메달을 안겨줄 가능성이 높습니다,0.9975437521934509
 또 최근 국제 무대에서 좋은 성적을 내고 있는 체조와 펜싱에서도 금메달이 기대되고 있고 탁구 남녀복식과 여자핸드볼도 메달에 도전합니다,0.9893403649330139
타임은 또 유력한 금메달 후보 윤미진처럼 아시아선수들이 아테네에서 메달 사냥에 나서고 있다는 표지 제목을 달았습니다,0.046756114810705185
 ‘타임’은 이와 함께‘금메달을 목에 걸 유력한 선수인 윤미진처럼 아시아 선수들이 아테네에서 영광 재현에 나서고 있다’고 표지 제목을 뽑았다,0.013814722187817097
올림픽천민호 금메달 기원 응원전,0.0789581909775734
 영주연합뉴스겁 없는 고교생  총잡이로  2004아테네올림픽 에 출전한 남자 10ｍ 공기소총 부문 금메달 유망주 천민호17 선수를 격려하는  응 원전이 고향인 경북 영주시에서 펼쳐진다,0.949496865272522
또한 천 선수의 출신지인 영주시 단산면 주민들은 경기 당일  옥대초등학교에서 면민 체육대회를 한 뒤 천 선수의 금메달 획득을 염원하며 기원제를 올릴 예정이다,0.9450145959854126
경북체육고 2학년에 재학 중인 천 선수는 국가대표 선발전 남자 10ｍ  공기소총 부문에서 60발 모두 명중시키는 괴력을 발휘 이번 대회 유력한 금메달 후보로 손꼽 히고 있다,0.9692701697349548
 역대 최대인 금메달 13개를 따내 8년만에 세계 톱10 진입을 목표로 하고 있는 우리나라 대표선수단은 최종 컨디션 점검을 마치고 결전의 날을 기다리고 있습니다,0.985200047492981
 시드니 올림픽때 3개의 금메달을 획득한 양궁이 이번엔 올림픽 사상 처음으로 남녀 개인 단체등 4개 전 종목 석권을 겨냥하고 있습니다,0.9983301758766174
  전력 평준화로 종주국의 아성을 위협받고 있지만 4체급에서 적어도 3개의 금메달을 노리고 있습니다,0.9969803690910339
 올림픽때마다 금메달 단골 종목가운데 하나인 레슬링 역시 자유형 84kg급의 문의제와 그레코로만형 66kg급의 김인섭에게 금빛 낭보를 기다리고 있습니다,0.9987000226974487
 배드민턴 세계 제1의 혼합 복식조로 평가되는 김동문라경민 환상 콤비는 14개 대회 연속 우승에 이어 올림픽 금메달도 확실해보입니다,0.9984607696533203
 이밖에 사격은 이번 올림픽에서도 첫 금메달을 안겨줄 가능성이 높습니다,0.9975437521934509
 또 최근 국제 무대에서 좋은 성적을 내고 있는 체조와 펜싱에서도 금메달이 기대되고 있고 탁구 남녀복식과 여자핸드볼도 메달에 도전합니다,0.9893403649330139
  14일한국시간 첫 금메달이 유력했던 사격 여자 10ｍ 공기소총의 서선화와 조 은영은 아예 결선에도 오르지 못한 채 고배를 마셨다,0.010302795097231865
타임은 또 유력한 금메달 후보 윤미진처럼 아시아선수들이 아테네에서 메달 사냥에 나서고 있다는 표지 제목을 달았습니다,0.046756114810705185
 ‘타임’은 이와 함께‘금메달을 목에 걸 유력한 선수인 윤미진처럼 아시아 선수들이 아테네에서 영광 재현에 나서고 있다’고 표지 제목을 뽑았다,0.013814722187817097
올림픽천민호 금메달 기원 응원전,0.0789581909775734
 영주연합뉴스겁 없는 고교생  총잡이로  2004아테네올림픽 에 출전한 남자 10ｍ 공기소총 부문 금메달 유망주 천민호17 선수를 격려하는  응 원전이 고향인 경북 영주시에서 펼쳐진다,0.949496865272522
또한 천 선수의 출신지인 영주시 단산면 주민들은 경기 당일  옥대초등학교에서 면민 체육대회를 한 뒤 천 선수의 금메달 획득을 염원하며 기원제를 올릴 예정이다,0.9450145959854126
경북체육고 2학년에 재학 중인 천 선수는 국가대표 선발전 남자 10ｍ  공기소총 부문에서 60발 모두 명중시키는 괴력을 발휘 이번 대회 유력한 금메달 후보로 손꼽 히고 있다,0.9692701697349548
 역대 최대인 금메달 13개를 따내 8년만에 세계 톱10 진입을 목표로 하고 있는 우리나라 대표선수단은 최종 컨디션 점검을 마치고 결전의 날을 기다리고 있습니다,0.985200047492981
 시드니 올림픽때 3개의 금메달을 획득한 양궁이 이번엔 올림픽 사상 처음으로 남녀 개인 단체등 4개 전 종목 석권을 겨냥하고 있습니다,0.9983301758766174
  전력 평준화로 종주국의 아성을 위협받고 있지만 4체급에서 적어도 3개의 금메달을 노리고 있습니다,0.9969803690910339
 올림픽때마다 금메달 단골 종목가운데 하나인 레슬링 역시 자유형 84kg급의 문의제와 그레코로만형 66kg급의 김인섭에게 금빛 낭보를 기다리고 있습니다,0.9987000226974487
 배드민턴 세계 제1의 혼합 복식조로 평가되는 김동문라경민 환상 콤비는 14개 대회 연속 우승에 이어 올림픽 금메달도 확실해보입니다,0.9984607696533203
 이밖에 사격은 이번 올림픽에서도 첫 금메달을 안겨줄 가능성이 높습니다,0.9975437521934509
 또 최근 국제 무대에서 좋은 성적을 내고 있는 체조와 펜싱에서도 금메달이 기대되고 있고 탁구 남녀복식과 여자핸드볼도 메달에 도전합니다,0.9893403649330139
 이안 소프는 시드니 금메달리스트인 네덜란드의 호헨반트 그리고 라이벌 펠프스와 바로 옆 라인에서 초반부터 각축을 벌였습니다,0.977310061454773
유도 이원희 우승 한국 금메달 물꼬,0.9908943176269531
   8뉴스앵커 어제밤 이원희 선수의 첫 금메달은 한국 선수단의 초반 부진을 털어내는 멋진 한판승이었습니다,0.9980923533439636
 저 금메달 땄어요 이원희의 금메달은 답답하게 막혀있던 한국 대표팀의 금 물꼬를 터줬다는 데 더 큰 의미가 있습니다,0.9990742206573486
 권성세유도대표팀 감독  원희가 금메달 따면서 사기가 다시 살아나서 좋은 경기 될 것입니다,0.9932035207748413
 앞으로 양궁과 태권도 등 우리의 전략종목이 많이 남아 있어 다른 종목에서 금메달 두세개만 더 나와주면 세계 10위권 진입도 가능합니다,0.9874799847602844
 본격적으로 메달 경쟁에 들어간 대회 3일째 중국은 41개의 금메달 가운데 10개를 쓸어담으며 단독 1위를 달리고 있습니다,0.9950962662696838
 수영과 유도에서도 한개씩의 금메달이 나오면서 초반 1위 독주에 힘을 보탰습니다,0.32265108823776245
 아직 메달밭인 육상이 시작되지 않았지만 금메달 수가 중국에 무려 7개나 뒤져있습니다,0.9746989607810974
 아테네EPA 16일현지시간 그리스 아테네 올림픽 수중 경기 센터에서 열린 남자 수영 200m 자유형 결승전에서 금메달을 얻은 이안 소프호주선수를 동메달에 그친 마이클 펠프스미국 선수가 축하하고 있다,0.8420666456222534
유도 73kg 이원희 금메달 환호,0.8406980633735657
한국 첫 금메달,0.9880205988883972
금메달 시상대에 올라선 이원희,0.6815851330757141
 한국 첫 금메달 이원희선수가 16일 밤한국시간 리오시아올림픽홀에서 열린 남자유도 73㎏급에서 우승한 뒤 시상식에서 국기에 대한 경례를 하고 있다,0.9634417295455933
유도 여자 57kg 계순희 금메달 실패,0.012899132445454597
한국 첫 금메달,0.9880205988883972
 이원희선수가 16일 밤한국시간 리오시아올림픽홀에서 열린 남자유도 73㎏급에서  우승한 뒤 시상식에서 금메달을 들어보이고 있다,0.9492777585983276
한국 첫 금메달,0.9880205988883972
한국 첫 금메달,0.9880205988883972
유도 73kg 이원희 금메달 환호,0.8406980633735657
 16일 아노 리오시아 올림픽홀에서 열린 아테네 올림픽 남자 유도 73kg급  결승에서 한국의 이원희가 금메달을 딴 후 엄지손가락을 치켜세워보고 있다,0.9396284222602844
유도 73kg 이원희 금메달 환호,0.8406980633735657
 16일 아노 리오시아 올림픽홀에서 열린 아테네 올림픽 남자 유도 73kg급  결승에서 한국의 이원희가 금메달을 딴 후 감독과 포옹하고 있다,0.9444180130958557
유도 73kg 이원희 금메달 환호,0.8406980633735657
 16일 아노 리오시아 올림픽홀에서 열린 아테네 올림픽 남자 유도 73kg급  결승에서 한국의 이원희가 금메달을 딴 후 주먹을 불끈쥐고 있다,0.9405384659767151
유도 73kg 이원희 금메달 환호,0.8406980633735657
 16일 아노 리오시아 올림픽홀에서 열린 아테네 올림픽 남자 유도 73kg급  결승에서 한국의 이원희가 금메달을 딴 후 환호하고 있다,0.9108633399009705
유도 73kg 이원희 금메달 환호,0.8406980633735657
 16일 아노 리오시아 올림픽홀에서 열린 아테네 올림픽 남자 유도 73kg급  결승에서 한국의 이원희가 금메달을 딴 후 주먹을 불끈쥐고 있다,0.9405384659767151
강원도 양구 임경순 군수가 김광훈이 금메달을 목에 걸면 최근  양구에  신축된 역도 전용경기장에 김광훈 세계제패 기념 역도 전용경기장이라는 현판을 내걸겠다 고 약속한 것,0.49798619747161865
 오페라 공연중ⓒ2004  이화영2004년 아테네올림픽에서 한국 선수단에 첫 금메달을 안긴 한판승의 달인 이원희23·마사회 선수가 남자 73kg급에서 우승이 확정된 뒤 매트에서 내려오자마자 권성세47 감독과 포옹하며 감사의 마음을 전했습니다,0.9875466227531433
ⓒ2004  이화영감독 액션 대회가 있다면 당연히 금메달 감입니다,0.9860963225364685
 오늘은 슈퍼 골든데이 대회 5일째인 18일 한국은 확실한 금메달 종목인 양궁을 비롯해 뜻밖의 동메달 획득으로 사기가 오른 사격의 이보나 및 유도 역도 체조 등에 기대를 걸고 있다,0.9331691861152649
 시드니올림픽에 이어 2관왕 2연패를 바라보는 윤미진이나 랭킹라운드에서 세계 신기록을 세우며 기선을 잡은 박성현 그리고 랭킹라운드에서 윤미진을 제친 이성진 모두 금메달리스트로서 손색이 없다,0.9992511868476868
 금메달이 1개 밖에 없어 아쉽다는 말이 절로 나올 정도로 최강의 트리오가 아닐 수 없다,0.9970640540122986
924점을 기록 한국선수로는 유일하게 개인종합 결승에 진출한 양태영경북체육회이 한국 체조 사상 첫 금메달에 도전한다,0.990138053894043
7점 이상을 받아 금메달에 대한 기대를 부풀렸다,0.6583001017570496
 사상 처음으로 올림픽축구 8강 진출의 꿈이 이뤄지는 것을 본 시민들은 이제 4강 더 나아가 금메달의 순간을 기다리고 있습니다,0.9990513920783997
 이안 소프는 시드니 금메달리스트인 네덜란드의 호헨반트 그리고 라이벌 펠프스와 바로 옆 라인에서 초반부터 각축을 벌였습니다,0.977310061454773
유도 이원희 우승 한국 금메달 물꼬,0.9908943176269531
   8뉴스앵커 어제밤 이원희 선수의 첫 금메달은 한국 선수단의 초반 부진을 털어내는 멋진 한판승이었습니다,0.9980923533439636
 저 금메달 땄어요 이원희의 금메달은 답답하게 막혀있던 한국 대표팀의 금 물꼬를 터줬다는 데 더 큰 의미가 있습니다,0.9990742206573486
 권성세유도대표팀 감독  원희가 금메달 따면서 사기가 다시 살아나서 좋은 경기 될 것입니다,0.9932035207748413
 앞으로 양궁과 태권도 등 우리의 전략종목이 많이 남아 있어 다른 종목에서 금메달 두세개만 더 나와주면 세계 10위권 진입도 가능합니다,0.9874799847602844
 질문 이제 그곳은 오전 10시가 넘었을텐데 대회 엿새째에 접어든 오늘도 우리 메달 소식 들을 수 있을까요 답변 대회 6일째를 맞아 우리나라는 양궁에서 여자 개인전에 이어 남자 개인전에서도 금메달 사냥에 나섭니다,0.9900875687599182
 이원희에 이어 두번째 금메달에 도전하는 유도에서는 남자 100kg급의 장성호가 일본의 자존심 이노우에 고스케와 정상을 다툴 것으로 보입니다,0.9645352959632874
  부산아시안게임에서 금메달을 땄던 남자복식에서 유승민이철승조도 오후에 러시아조를 상대로 4강 진출을 노립니다,0.8959988355636597
 세계 최강 덴마크와 무승부를 이루며 금메달을 향한 순조로운 출발을 보인 한국 여자핸드볼의 임오경,0.5497498512268066
강원도 양구 임경순 군수가 김광훈이 금메달을 목에 걸면 최근  양구에  신축된 역도 전용경기장에 김광훈 세계제패 기념 역도 전용경기장이라는 현판을 내걸겠다 고 약속한 것,0.49798619747161865
 △이원희 선수유도 73kg급 금메달“나의 승리는 오직 하나님의 영광입니다,0.9962015748023987
”  △박성현 선수여자 양궁 개인전 금메달“하나님께 모든 것을 맡겼습니다,0.9965067505836487
 질문 이제 그곳은 오전 10시가 넘었을텐데 대회 엿새째에 접어든 오늘도 우리 메달 소식 들을 수 있을까요 답변 대회 6일째를 맞아 우리나라는 양궁에서 여자 개인전에 이어 남자 개인전에서도 금메달 사냥에 나섭니다,0.9900875687599182
 이원희에 이어 두번째 금메달에 도전하는 유도에서는 남자 100kg급의 장성호가 일본의 자존심 이노우에 고스케와 정상을 다툴 것으로 보입니다,0.9645352959632874
  부산아시안게임에서 금메달을 땄던 남자복식에서 유승민이철승조도 오후에 러시아조를 상대로 4강 진출을 노립니다,0.8959988355636597
 세계 최강 덴마크와 무승부를 이루며 금메달을 향한 순조로운 출발을 보인 한국 여자핸드볼의 임오경,0.5497498512268066
 20일 고우디 올림픽홀에서 열린 아테네 올림픽 배드민턴 남자 복식 시상식에서 금메달과 은메달을 독식한 왼쪽부터 시계방향으로 이동수 김동문 하태권 ,0.6412994861602783
 20일 고우디 올림픽홀에서 열린 아테네 올림픽 배드민턴 남자 복식 시상식에서 금메달과 은메달을 독식한 왼쪽부터하태권 김동문 이동수 ,0.757242739200592
양궁 여자 단체전 금메달 환호,0.7359552383422852
 20일 파나티나이코 경기장에서 열린 올림픽 여자 양궁 단체전 시상식에서 중국팀을 누르고 5연패에 성공한 한국팀 윤미진가운데 박성현왼쪽 이성진오른쪽 금메달을 들고 기뻐하고 있다,0.9425134062767029
양궁 여자 단체전 금메달,0.9194414019584656
 20일 파나티나이코 경기장에서 열린 올림픽 여자 양궁 단체전 시상식에서 중국팀을 누르고 5연패에 성공한 한국팀 윤미진가운데 박성현왼쪽 이성진오른쪽 금메달을 들고 기뻐하고 있다,0.9425134062767029
양궁 여자 단체전 금메달,0.9194414019584656
 20일 파나티나이코 경기장에서 열린 올림픽 여자 양궁 단체전 시상식에서 중국팀을 누르고 5연패에 성공한 한국팀 윤미진왼쪽 박성현가운데 이성진오른쪽 금메달을 들고 관중의 환호에 답례하고 있다,0.9501124024391174
 △이원희 선수유도 73kg급 금메달“나의 승리는 오직 하나님의 영광입니다,0.9962015748023987
”  △박성현 선수여자 양궁 개인전 금메달“하나님께 모든 것을 맡겼습니다,0.9965067505836487
 질문 이제 그곳은 오전 10시가 넘었을텐데 대회 엿새째에 접어든 오늘도 우리 메달 소식 들을 수 있을까요 답변 대회 6일째를 맞아 우리나라는 양궁에서 여자 개인전에 이어 남자 개인전에서도 금메달 사냥에 나섭니다,0.9900875687599182
 이원희에 이어 두번째 금메달에 도전하는 유도에서는 남자 100kg급의 장성호가 일본의 자존심 이노우에 고스케와 정상을 다툴 것으로 보입니다,0.9645352959632874
  부산아시안게임에서 금메달을 땄던 남자복식에서 유승민이철승조도 오후에 러시아조를 상대로 4강 진출을 노립니다,0.8959988355636597
 세계랭킹 3위 유승민은 23일 오후 8시 왕하오중국·세계4위와 금메달을 다툰다,0.9492337107658386
 동아일보 베를린 올림픽 마라톤 금메달리스트인 고 손기정孫基禎·사진씨가 일제강점기에 대중잡지 ‘삼천리三千里’를 통해 조선인 선수의 선전을 격려하고 조선 체육의 발전을 역설했던 것으로 22일 확인됐다,0.7789143323898315
 기자 금메달을 향한 온국민의 바람을 담은 외침입니다,0.9737434387207031
  유승민은 내일 저녁 8시 세계랭킹 5위인 중국의 왕하오와 금메달을 놓고 마지막 대결을 펼칩니다,0.5305066108703613
  유승민은 내일 저녁 8시 세계랭킹 5위인 중국의 왕하오와 금메달을 놓고 마지막 대결을 펼칩니다,0.5305066108703613
  유승민은 내일 저녁 8시 세계랭킹 5위인 중국의 왕하오와 금메달을 놓고 마지막 대결을 펼칩니다,0.5305066108703613
  장용호예천군청임동현충북체고박경모인천계양구청로 짜여진 한국 남자양궁대표팀은 21일한국시간 아테네 파나티나이코경기장에서 열린 단체전 결승에서 대만을 251대 244로 여유있게 따돌리고 금메달을 목에 걸었다,0.9896399974822998
5㎏ 차이로 금메달을 놓쳤다,0.06626598536968231
 한국이 아테네 올림픽 양궁 종목에 걸린 4개의 금메달 중 3개를 휩쓸었다,0.99908447265625
 한국은 남자 양궁이 단체전에서 금메달을 따내며 올림픽 2연패를 달성하면서 금메달 개수를 5개로 늘렸다,0.9909261465072632
 이로써 한국은 시드니 대회에 이어 2회 연속 정상을 밟으면서 여자 개인과단체전을 포함해 양궁에 걸린 4개의 금메달 중 3개를 차지했다,0.9991616010665894
5㎏을 들어 올리는 바람에 눈 앞에서 금메달을 놓쳤기 때문이다,0.13794587552547455
 한국 배드민턴 역사상 처음으로 개인전 4강 및 결승 진출의 쾌거를 이뤘던손승모는 오른쪽 아킬레스건 부상에 발목이 잡혀 인도네시아의 타우픽 히다야트에 0대2로 패하면서 금메달의 꿈을 접었다,0.005864368285983801
미 언론들 미 남자체조 오심으로 금메달,0.28925007581710815
   미국의 주요 언론들은 미국의 폴 햄 선수가 올림픽 사상 처음으로 남자 체조 개인 종합에서 금메달을 따냈지만 심판의 오심에 따른 것이었다고 일제히 보도했습니다,0.1009851023554802
 USA 투데이는 한국 양태영 선수의 평행봉 연기때 심판의 오심이 있었던 사태의 전말을 전하면서 햄이 금메달을 잃게 된다면 체조경기 사상 최악일 것이라고 소개했습니다,0.1410100907087326
 그러나 뉴욕 타임스는 햄 선수가 수여되지 말아야 할 금메달로 올림픽 체조개인종합에서 금메달을 딴 최초의 미국인이 됐다고 꼬집으면서 그러나 오류에도 불구하고 햄선수는 금메달을 지키게 될 것이라고 말했습니다,0.15739072859287262
 CNN도 햄선수가 채점 오류로 미국인으로는 처음으로 금메달을 따냈다면서 당시 양선수를 잘못 채점한 심판 3명에 대해 자격 정지 조치를 취했지만 메달 순위에는 변동이 없을 것이라고 전했습니다,0.7342043519020081
아테네올림픽女포환 코르차넨코 ‘약물 양성반응’ 金 박탈,0.1335688978433609
 동아일보 ○…금지약물스테로이드계 양성반응을 보인 육상 여자 포환던지기 우승자인 이리나 코르차넨코러시아·사진가 결국 금메달을 박탈당했다,0.02489379793405533
  국제올림픽위원회IOC는 23일 코르차넨코의 2004 아테네 올림픽 기록 취소는 물론 금메달도 반납받기로 했다고 밝혔다,0.32072994112968445
 이번 대회에서 금메달리스트가 약물 양성반응으로 메달을 박탈당한 것은 코르차넨코가 처음,0.022433772683143616
  이에 따라 여자 포환던지기 금메달은 2위인 쿠바의 유밀레이디 쿰다에게 돌아갔다,0.1457381695508957
  ○…여자탁구 2관왕 장이닝23이 22일 따낸 단식 금메달은 중국의 올림픽 100번째 금메달로 확인,0.9846214056015015
샤오톈 중국 올림픽선수단장은 “장이닝이 북한의 김향미를 꺾고 획득한 금메달이 중국이 올림픽에 출전한 지 20년 만에 일궈 낸 100번째 금메달”이라며 “특히 중국 개혁 개방의 총설계사인 덩샤오핑의 탄생 100주년 기념일에 나와 더욱 뜻 깊었다”고 덧붙였다,0.9985790252685547
 ○…9·11테러 직후 ‘그라운드 제로뉴욕 세계무역센터 붕괴현장’에서 구조작업을 벌였던 소방대원이 2004 아테네 올림픽 조정 ‘에이트8인조’ 종목에서 미국에 40년 만에 금메달을 안겨 화제,0.4203357398509979
  뉴저지의 현역 소방대원인 제이슨 리드26·사진는 23일 ‘에이트’ 결승에 8명의 미국대표 중 1명으로 출전해 우승했는데 미국이 이 종목에서 금메달을 따기는 1964년 도쿄 올림픽 이후 처음이라고,0.9631222486495972
 리드는 “9·11테러 때 현장에서 구조활동을 하며 고생했던 동료들과 금메달의 영광을 나누고 싶다”고 소감을 피력,0.9983343482017517
아테네올림픽9·11 소방대원 조정서 金,0.9859866499900818
 동아일보 “9·11 테러 구조활동 때 현장에서 함께 고생한 뉴욕의 동료들과 금메달의 영광을 나누고 싶다,0.9987823367118835
”  2001년 9·11테러 사건 직후 ‘그라운드 제로뉴욕 세계무역센터 붕괴 현장’에서 구조작업을 벌였던 현역 소방대원이 2004 아테네 올림픽 조정 ‘에이트8인조’ 종목에서 미국에 40년 만에 금메달을 안겨 화제다,0.9058712720870972
  뉴저지의 소방대원 제이슨 리드26는 대니얼 비어리 맷 디킨 등 동료 7명과 함께 23일 스키냐스올림픽조정·카누경기장에서 열린 조정 에이트 경기에 미국 대표로 출전해 5분42초48의 기록으로 네덜란드를 1초27 차로 제치고 금메달을 목에 걸었다,0.9753443598747253
  미국이 이 종목에서 금메달을 따기는 1964년 도쿄 올림픽 이후 처음,0.7150279879570007
’  2004년 아테네 올림픽 남자 단식에서 금메달을 따낸 유승민은 ‘탁구 신동’이라는 별명으로 일찌감치 탁구계에 이름을 각인시켰다,0.9831147193908691
 훈련에 매진한 그는 2002년 부산아시아경기대회 복식 금메달과 지난해 중국 오픈 준우승으로 ‘중국 정벌’의 희망을 밝혔다,0.5499732494354248
  올해 이집트 오픈 우승으로 오픈대회 첫 타이틀을 거머쥐더니 올림픽 무대에서도 여세를 몰아 16년 만에 한국 탁구에 금메달을 안겼다,0.9734455943107605
 이제 1점만 더 따내면 금메달,0.05667835846543312
  유승민은 듀스 끝에 5세트를 1113으로 내줬으나 6세트에서 99 동점을 이룬 뒤 과감한 드라이브 공격으로 내리 두 점을 따내 꿈만 같은 금메달을 목에 걸었다,0.9923276305198669
 당시에도 워낙 무서운 상승세를 보이며 금메달을 땄는데 유승민이도 그랬다,0.9310996532440186
아테네올림픽탁구 유승민 ‘金 스매싱’,0.8951912522315979
 한국 탁구의 ‘희망’ 유승민삼성생명은 23일 그리스 아테네 갈라치올림픽홀에서 열린 2004 아테네 올림픽 탁구 남자단식 결승에서 중국의 왕하오를 42113 911 119 119 1113 119로 꺾고 금메달을 획득했다,0.9832721948623657
  올림픽에서 한국 탁구가 금메달을 딴 것은 1988년 서울 올림픽 때 유남규가 남자단식 양영자현정화 조가 여자복식에서 우승한 이후 16년 만이다,0.873400092124939
  1996년 애틀랜타 올림픽과 2000년 시드니 올림픽 탁구 종목에서 전관왕에 등극했던 중국은 이번 대회 남자단식 금메달을 놓쳐 3대회 연속 전관왕의 꿈이 물거품이 됐다,0.016298608854413033
  이로써 한국 탁구는 이번 대회에서 금메달 1개와 은메달 1개여자복식 동메달 1개여자단식의 수확을 올렸다,0.8496648073196411
  세계랭킹 3위인 유승민은 16강전에서 창펭룽대만을 43 8강전에서 렁추안홍콩을 42 4강전에서 92년 바르셀로나 올림픽 금메달리스트인 얀 오베 발트너스웨덴를 41로 누르고 결승에 진출했다,0.9062125086784363
아테네올림픽IOC “체조 공동金 고려할수도”,0.9918509125709534
 동아일보 오심으로 빼앗긴 체조 남자 개인종합 양태영경북체육회의 금메달을 되찾을 수 있을까,0.9265992045402527
  사이벨 대변인은 “한국측의 입장을 들었으나 아무런 결정이 내려지지 않았다”고 말했지만 미국체조협회의 밥 코라로시 회장은 미팅 전 “개인종합 2번째 금메달 수여가 주요 의제”라고 언급했다,0.8410831093788147
  한국은 국제체조경기연맹FIG의 오심이 분명한 이상 이를 바로 잡기 위해선 양태영에게 2번째 금메달을 수여해야 한다는 당위성을 미국측에 설명하고 협조를 구한 것으로 알려졌다,0.9341608881950378
 미국 내 여론도 오심에 대한 비판이 압도적인 상황이라 USOC는 공동 금메달 추진으로 방향을 정할 가능성이 있다,0.6591545939445496
  한편 올림픽 메달 결정권을 갖고 있는 국제올림픽위원회IOC의 지셀레 데이비스 대변인은 “FIG가 개인종합 채점 결과를 바꾼다면 2번째 금메달 수여를 고려하겠다”고 밝혔다,0.9875167012214661
 당시 피겨스케이팅 페어부문에서 러시아의 옐레나 베레즈나야안톤 시하룰리제 조는 착지 실수를 했는데도 완벽한 연기를 한 캐나다의 다비드 펠레티어제이미 세일 조를 누르고 금메달을 따냈다,0.9259591102600098
  이에 미국과 캐나다의 언론이 연일 문제를 제기했고 IOC와 국제빙상연맹ISU의 조사 결과 프랑스 심판이 러시아팀에 점수를 많이 주라는 압력을 받았다는 사실이 밝혀져 캐나다 조에 추가로 금메달을 수여했다,0.8310638666152954
com  ▼폴 햄 “金포기 못해”…“연맹결정 따르긴 하겠다”▼ “국제체조경기연맹FIG이 어떤 결정을 내리더라도 따르겠지만 난 여전히 챔피언이다,0.9986230134963989
 그는 19일 열렸던 체조 남자 개인종합 결승에서 한국의 양태영을 제치고 금메달을 목에 건 주인공,0.391029417514801
  햄은 “FIG가 어떤 결정을 내리더라도 받아들이겠지만 난 여전히 올림픽 챔피언이며 그에 대한 믿음은 확실하다”고 밝혀 금메달을 포기할 뜻이 없음을 분명히 했다,0.9892160892486572
  이 문제와 관련해 미국올림픽위원회USOC의 한 관계자는 LA타임스와의 인터뷰에서 “실수가 있었다면 두 선수햄과 양태영에게 공정한 방법을 찾아볼 수 있을 것”이라며 “금메달 공동 수상을 위한 한국측의 노력을 지원하는 문제를 검토 중”이라고 밝혀 주목된다,0.5928601026535034
  21일 열린 무제한급 경기에서 한국선수단은 금메달을 딴 탕궁훙중국이 용상 3차 시기에서 182,0.9167418479919434
 탕궁훙의 3차 시기가 실패 판정을 받았을 경우 금메달은 장미란원주시청의 몫,0.40992608666419983
  이봉주 이명승이상 삼성전자과 지영준코오롱은 29일 자정 92바르셀로나올림픽의 황영조 이후 12년 만에 금메달에 도전한다,0.9690857529640198
 그는 2000년 시드니 대회 때도 단체전과 개인종합 경기 도중 이단평행봉에서 봉을 놓치는 실수로 금메달을 놓쳤다,0.2646331787109375
 미국의 신예 스프린터 저스틴 게이틀린이 23일 새벽 한국시간 올림픽스타디움에서 열린 육상 남자 100ｍ  결승에서 9초85로 금메달을 따낸뒤 관중들의 환호에 답례하고 있다,0.9726874232292175
 세계랭킹 3위 유승민은 23일 오후 8시 왕하오중국·세계4위와 금메달을 다툰다,0.9492337107658386
 일부에서는 복잡한 아테네의 교통체계에서부터 경기장에서 멀리 떨어진 대중교통 정거장까지 나와 길안내를 하는 자원봉사자가 없다면 올림픽 운영자체가 힘들어질 것이라며 진짜 금메달은 자원봉사자들에게 줘야 마땅하다는 지적도 나오고 있다,0.9417498707771301
이경기는 꼭사이클 홍석환김용미 금메달 도전,0.9921492338180542
 동아일보 금메달 사냥에 재시동을 건다,0.9557529091835022
  남자 탁구 유승민의 승전보로 힘을 얻은 한국은 사이클에서 경륜의 홍석환경륜운영본부과 여자 포인트레이스의 김용미삼양사가 금메달에 도전한다,0.9896565675735474
  ○…수영 여자 자유형 200m 금메달리스트 카멜리아 포텍22·루마니아·사진이 그의 미모1m78 62kg에 반한 수백명의 루마니아 남성들로부터 쇄도하는 청혼에 즐거운 비명,0.9876692891120911
  ○…육상 여자 포환던지기 금메달리스트 이리나 코르차넨코러시아가 금지약물 양성반응으로 메달을 박탈당한 직후 러시아 내에서는 도핑 전담기구가 필요하다는 주장이 비등,0.757251501083374
  귀국 선수 중에는 한국에 첫 금메달을 안긴 남자 유도의 이원희와 만리장성을 허물고 탁구 남자 단식을 제패한 유승민 오심으로 금메달을 빼앗긴 남자 체조의 양태영 등이 포함돼 있다,0.9521123766899109
 동아일보 금메달을 빼앗긴 충격은 여전히 커 보였다,0.13070927560329437
 5일 전 개인종합에서 오심 사태로 금메달을 날린 아픈 기억 때문이었을까,0.015751829370856285
  한편 이날 국제체조연맹FIG 브루노 그란디 회장은 “양태영과 폴 햄의 공동 금메달 수상은 있을 수 없으며 판정 번복은 규정에 없는 일이다”라고 단호한 태도를 보였다,0.823471188545227
유승민 자랑스런 탁구 금메달,0.9403045177459717
 아테네EPA 22일현지시간 그리스 아테네 갈라치 올림픽 홀에서 열린 탁구 남자 단식 결승전에서 승리를 거둔 유승민 선수가 시상대에 올라 금메달을 자랑스럽게 들어보이고 있다,0.9185938239097595
이번 대회에는 지난 36년 베를린 올림픽 수영에서 금메달을 따낸 일본의 하므루 씨 부부 등 8명이 참관한다고 제주시는 설명했다,0.9469203352928162
 지난 64로마올림픽 이후 미국의 조정 부문 금메달은 처음,0.7217915058135986
   남자 탁구가 중국 만리장성을 넘어 6번째 금메달을 선사했습니다,0.9603846073150635
세계 랭킹 3위 유승민은 결승전에서 중국의 왕하오를 누르고 88올림픽 이후 16년만에 금메달을 따냈습니다,0.7685176134109497
TV앞에 모였던 시민들은 6전 전패의 왕하오를 상대로 1세트를 가볍게 따내자 금메달을 기대하며 술렁이기 시작했습니다,0.9757010340690613
 인터뷰  학생 막판에 안될 것 같았는데 금메달을 따내 너무 기쁘다,0.9980953335762024
유승민은 부산아시안게임 금메달 이집트오픈 우승으로 오픈대회 첫 타이틀을 거머쥐었고 지난 7월 US오픈 2 관왕에 오르며 세계랭킹이 3위로 도약했습니다,0.9952415227890015
 결국 유승민은 아테네 올림픽에서 금메달을 따내면서 88올림픽이후 침묵에 빠졌던 탁구에 부활을 알리는 구세주로 등장했습니다,0.9988241791725159
작전의 성공도 금메달에 한몫을 했다,0.9772570133209229
 23일 오후한국시간 갈라치올림픽홀에서 열린 올림픽 남자 탁구 단식 결승에서 중국의 왕하오를 맞아 세트스코어 42로 이기고 금메달을 딴 한국의 유승민이 주먹을 불끈쥐고 기뻐하고 있다,0.9760326147079468
 23일 오후한국시간 갈라치올림픽홀에서 열린 올림픽 남자 탁구 단식 결승에서 중국의 왕하오를 꺾고 금메달을 차지한 한국의 유승민이 환호하고 있다,0.9516115188598633
 한국의 유승민이 23일 오후한국시간 갈라치올림픽홀에서 열린 올림픽 남자 탁구 단식 결승에서 중국의 왕하오를 꺾고 금메달을 차지하자 여자탁구팀과 양궁대표팀 선수들이 함께 응원하고 있다,0.9529613256454468
 한국의 유승민이 23일 오후한국시간 갈라치올림픽홀에서 열린 올림픽 남자 탁구 단식 결승에서 중국의 왕하오를 꺾고 금메달을 차지하자 여자대표팀 선수들이 관중석에서 환호하고 있다,0.9667323231697083
 23일 오후한국시간 갈라치올림픽홀에서 열린 올림픽 남자 탁구 단식 결승에서 중국의 왕하오를 꺾고 금메달을 확정한 후 김택수코치와 환호하고 있다,0.9607477784156799
 23일 오후한국시간 갈라치올림픽홀에서 열린 올림픽 남자 탁구 단식 결승에서 중국의 왕하오를 꺾고 금메달을 차지한 후 김택수코치를 끌어안고 기뻐하고 있다,0.9754269123077393
 23일 오후한국시간 갈라치올림픽홀에서 열린 올림픽 남자 탁구 단식 결승에서 중국의 왕하오를 꺾고 금메달을 차지한 후 김택수코치를 끌어안고 기뻐하고 있다,0.9754269123077393
 23일 오후한국시간 갈라치올림픽홀에서 열린 올림픽 남자 탁구 단식 결승에서 중국의 왕하오를 42로 꺾고 금메달을 차지한 후 환호하고 있다,0.9658904671669006
 23일 오후한국시간 갈라치올림픽홀에서 열린 올림픽 남자 탁구 단식 결승에서 중국의 왕하오를 꺾고 금메달을 차지한 후 김택수코치를 끌어안고 기뻐하고 있다,0.9754269123077393
 23일 오후한국시간 갈라치올림픽홀에서 열린 올림픽 남자 탁구 단식 결승에서 중국의 왕하오를 꺾고 금메달을 차지한 후 김택수코치를 끌어안고 기뻐하고 있다,0.9754269123077393
’  준결승에서 파라과이에 져 금메달의 꿈은 꺾였지만 이라크 축구팀에 여전히 세계인의 박수가 쏟아지고 있다,0.9948506951332092
com ▼아르헨파라과이 결승 격돌▼  아르헨티나와 파라과이가 2004 아테네 올림픽 남자축구 금메달을 놓고 맞붙게 됐다,0.954939603805542
아테네올림픽이신바예바 장대높이뛰기 金,0.9688789248466492
 이신바예바는 이번 대회 첫 육상 세계신기록인 4m91을 넘어 팀 선배 페오파노바4m75를 누르고 금메달을 목에 걸었다,0.8741610646247864
 다급해진 페오파노바는 이후 4m85 4m90에 연달아 실패한 반면 이신바예바는 4m85에 성공해 금메달을 확정지었다,0.08233700692653656
아테네올림픽금메달 유혹에 빠진 ‘도핑 올림픽’,0.005471232812851667
 동아일보 男 투원반 金 파제카스등 16명 적발  IOC 혈액검사 전종목 확대등 영향  108년 만에 고향으로 돌아 온 2004아테네올림픽이 대회 전 내걸었던 ‘올림픽 정신 부활’이라는 기치와는 달리 ‘약물 올림픽’으로 치닫고 있다,0.014572126790881157
  국제올림픽위원회IOC는 25일 남자 원반던지기에서 금메달을 딴 로베르트 파제카스헝가리가 “소변 샘플 제출을 거부했다”며 메달을 박탈했다,0.5490332841873169
  이에 앞서 육상 여자 포환던지기 금메달리스트 이리나 코르차넨코러시아와 역도 62kg급에서 동메달을 딴 레오니다스 삼파니스그리스도 경기 직후 실시한 검사에서 약물 복용이 적발돼 메달을 박탈당했다,0.07872610539197922
아테네올림픽 금메달리스트 니콜라스 마수칠레는 10번 시드를 받아 다시 한번 깜짝 우승을 노린다,0.9843102693557739
 ● 역도드미트리 베레스토프러시아가 2004아테네올림픽 역도 남자 105 ㎏급에서 금메달을 목에 걸었다,0.9786293506622314
 ● 비치발리볼세계 최강의 비치발리볼 페어 케리 월시미스티메이미국조가비치발리볼 금메달을 차지했다,0.9920972585678101
 지난 3년간 국제배구연맹FIVB 월드 투어에서 무려 13차례나 우승한 월시메이조는 올림픽 금메달을  우승 경력에 추가해 명실상부한 최강의 듀오임을 입증했다,0.9937029480934143
 여자 100ｍ 허들에  서는 조안나 헤이예스미국가 12초37의 올림픽 기록으로 금메달  을 차지했고 강력한 우승 후보 퍼디타 펠리시엔캐나다은 허들  에 걸려 넘어지는 불운 속에 분루를 삼켰다,0.928819477558136
 일부에서는 복잡한 아테네의 교통체계에서부터 경기장에서 멀리 떨어진 대중교통 정거장까지 나와 길안내를 하는 자원봉사자가 없다면 올림픽 운영자체가 힘들어질 것이라며 진짜 금메달은 자원봉사자들에게 줘야 마땅하다는 지적도 나오고 있다,0.9417498707771301
이경기는 꼭사이클 홍석환김용미 금메달 도전,0.9921492338180542
 동아일보 금메달 사냥에 재시동을 건다,0.9557529091835022
  남자 탁구 유승민의 승전보로 힘을 얻은 한국은 사이클에서 경륜의 홍석환경륜운영본부과 여자 포인트레이스의 김용미삼양사가 금메달에 도전한다,0.9896565675735474
  ○…수영 여자 자유형 200m 금메달리스트 카멜리아 포텍22·루마니아·사진이 그의 미모1m78 62kg에 반한 수백명의 루마니아 남성들로부터 쇄도하는 청혼에 즐거운 비명,0.9876692891120911
  ○…육상 여자 포환던지기 금메달리스트 이리나 코르차넨코러시아가 금지약물 양성반응으로 메달을 박탈당한 직후 러시아 내에서는 도핑 전담기구가 필요하다는 주장이 비등,0.757251501083374
  귀국 선수 중에는 한국에 첫 금메달을 안긴 남자 유도의 이원희와 만리장성을 허물고 탁구 남자 단식을 제패한 유승민 오심으로 금메달을 빼앗긴 남자 체조의 양태영 등이 포함돼 있다,0.9521123766899109
 동아일보 금메달을 빼앗긴 충격은 여전히 커 보였다,0.13070927560329437
 5일 전 개인종합에서 오심 사태로 금메달을 날린 아픈 기억 때문이었을까,0.015751829370856285
  한편 이날 국제체조연맹FIG 브루노 그란디 회장은 “양태영과 폴 햄의 공동 금메달 수상은 있을 수 없으며 판정 번복은 규정에 없는 일이다”라고 단호한 태도를 보였다,0.823471188545227
유승민 자랑스런 탁구 금메달,0.9403045177459717
 아테네EPA 22일현지시간 그리스 아테네 갈라치 올림픽 홀에서 열린 탁구 남자 단식 결승전에서 승리를 거둔 유승민 선수가 시상대에 올라 금메달을 자랑스럽게 들어보이고 있다,0.9185938239097595
이번 대회에는 지난 36년 베를린 올림픽 수영에서 금메달을 따낸 일본의 하므루 씨 부부 등 8명이 참관한다고 제주시는 설명했다,0.9469203352928162
 지난 64로마올림픽 이후 미국의 조정 부문 금메달은 처음,0.7217915058135986
   남자 탁구가 중국 만리장성을 넘어 6번째 금메달을 선사했습니다,0.9603846073150635
세계 랭킹 3위 유승민은 결승전에서 중국의 왕하오를 누르고 88올림픽 이후 16년만에 금메달을 따냈습니다,0.7685176134109497
TV앞에 모였던 시민들은 6전 전패의 왕하오를 상대로 1세트를 가볍게 따내자 금메달을 기대하며 술렁이기 시작했습니다,0.9757010340690613
 인터뷰  학생 막판에 안될 것 같았는데 금메달을 따내 너무 기쁘다,0.9980953335762024
유승민은 부산아시안게임 금메달 이집트오픈 우승으로 오픈대회 첫 타이틀을 거머쥐었고 지난 7월 US오픈 2 관왕에 오르며 세계랭킹이 3위로 도약했습니다,0.9952415227890015
 결국 유승민은 아테네 올림픽에서 금메달을 따내면서 88올림픽이후 침묵에 빠졌던 탁구에 부활을 알리는 구세주로 등장했습니다,0.9988241791725159
이 시장은 “전 세계의 이목이 집중된 곳에서 남사당놀이는 올림픽 금메달 못지않게 한국을 빛낸 장외 메달감이었다”고 말했다,0.9987503290176392
  ○…요트 남자 미스트랄급에서 우승해 올림픽 출전 반세기 만에 이스라엘에 첫 금메달을 안긴 갈 프리드먼29이 1972년 뮌헨 올림픽에서 테러로 희생된 선배 선수들에게 금메달을 헌정키로 했다,0.9260823130607605
  ○…금메달을 갖고 미국으로 돌아간 폴 햄이 26일 미국 CBS방송의 심야토크쇼인 ‘데이비드 레터맨쇼’에 출연해 공동 금메달은 부당하다고 주장,0.4135882258415222
  햄은 “진정 내가 올림픽 챔피언이기 때문에 만약 또 하나의 금메달이 주어진다면 화가 날 것”이라고 말했다,0.9179162383079529
  ○…금지약물 양성반응으로 여자 포환던지기 금메달 수상이 취소된 이리나 코르차넨코러시아가 메달을 반납하지 않을 것이라고 밝혔다,0.5018059015274048
  태권도에서 여자 57kg급 장지원에스원과 남자 68kg급 송명섭경희대이 금메달을 노린다,0.9488146901130676
343점의 높은 점수로 금메달을 땄다,0.9936269521713257
 영국 심판은 평소 인색하기로 소문났고 일본 심판은 금메달을 노리던 자국 선수들을 위해 만점을 주지 않았다는 해석,0.012811670079827309
 시드니 올림픽 금메달리스트 올가 브루스니키나마리아 키세레바조러시아가 은퇴했다가 다시 복귀했기 때문,0.9514318108558655
아테네올림픽마라톤 이봉주 ‘金따기 식이요법’,0.015642179176211357
아테네올림픽이란 후세인 역도 무제한급 金,0.9985975623130798
  26일 아테네 니카이아 역도경기장에서 열린 역도 남자 무제한급105kg 이상에서 금메달을 목에 건 레자 자데 후세인26·이란이 그 주인공,0.8883095383644104
 빅토르스는 경기 후 “나는 처음부터 금메달은 기대하지 않았다,0.04530363529920578
 시드니 올림픽에서 금메달을 딴 후 이란의 국립 상업은행이 지점에 그의 이름을 붙였다,0.981988251209259
그는 “나는 금메달을 따러 왔고 결국 땄다,0.7189061641693115
 26일 열린 육상 여자 200m 금메달리스트 베로니카 캠벨22·자메이카이 그 주인공,0.9248296618461609
 1976 몬트리올 올림픽남자 200m 금메달 도널드 커리 이후 끊겼던 금맥을 28년 만에 이었고 이번 대회 첫 금메달을 조국에 안긴 것,0.999371349811554
  캠벨은 누구도 예상 못한 금메달을 따 시드니 올림픽 직후 슬로베니아로 귀화해 이번 대회까지 통산 7번째 올림픽 도전에 나섰지만 끝내 금메달을 목에 걸지 못하고 은퇴하는 ‘정신적 스승’ 오티의 한까지 말끔히 풀었다,0.9988860487937927
 첫 금메달의 주인공 유도의 이원희 선수 만리장성의 아성을 무너뜨린 탁구의 유승민 선수,0.9818670749664307
 인터뷰유승민 탁구 금메달 금메달 딸 때는 몰랐는데 이렇게 많은 분들이 나와 계시니 이제야 실감이 납니다,0.9992058873176575
 인터뷰이원희 유도 금메달 이렇게 성원해 주셔서 감사하고요 앞으로 더욱 더 열심히 하겠습니다,0.9990484118461609
 배드민턴 남자 복식에서 나란히 금메달과 은메달을 목에 건 태극 전사들도 가족의 따뜻한 마중에 피곤을 잊은 듯했습니다,0.9968400001525879
 인터뷰하태권 배드민턴 복식 금메달 지난 12년 동안 쉼없이 달려왔습니다,0.9975226521492004
 금메달 3개를 목에 건 양궁 대표팀 등 나머지 선수단 3백여 명은 폐막식에 참석 한 뒤 오는 31일 아침 9시 반에 특별기 편으로 귀국합니다,0.7555394768714905
 세계최강이라는 중국 선수들을 양쪽에 거느리고 시상대에 올랐던 탁구 금메달리스트 유승민 선수,0.6848414540290833
   올림픽에서는 장대높이뛰기 종목에서 금메달을 딴 러시아 선수가 관중을 흥분시켰습니다,0.5292335748672485
  인터뷰  이신바예바  장대높이뛰기 금메달  모델이 되고 싶다,0.8873862028121948
이신바예바의 금메달 키스,0.42674463987350464
 아테네EPA 25일현지시간그리스 아테네에서 올림픽 여자 장대 높이 뛰기 우승자인 러시아의 옐레나 이신바예바 선수가 자신의 금메달에 키스하고 있다,0.7157651782035828
 이에 따라 한국이 금메달을 되찾기는 더욱 어려워질 것으로 보인다,0.030416561290621758
  이에 따라 당시 한국선수단이 적절하게 대처하지 못해 금메달을 놓쳤다는 비난을 피하기 어렵게 됐다,0.47208303213119507
  한편 자크 로게 국제올림픽위원회IOC 위원장은 전날 신 단장을 만난 자리에서 “2개의 금메달은 있을 수 없다”고 밝혔다,0.9594547748565674
 IOC는 그동안 FIG가 인정하면 공동 금메달을 수여할 수 있다는 입장을 취해 왔다,0.7287490963935852
  이에 따라 이번 사태는 폴 햄미국과 양태영 중 한 선수의 단독 금메달로 결론날 수밖에 없게 됐다,0.3580651879310608
신 단장은 “브루노 그란디 FIG 회장을 만나 다시 한번 판정의 부당성을 따져 금메달을 되찾아올 수 있도록 최선을 다하겠다”고 말했다,0.9196615219116211
  같은 체급의 김성국북한은 준결승에서 비탈리 타이베르트독일에게 2924로 판정승을 거두며 결승에 올라 1992년 바르셀로나 올림픽의 최철수51kg급에 이어 12년 만에 북한 복싱에 금메달을 안길 기회를 잡았다,0.9274938702583313
아테네올림픽이경기는 꼭문의제 레슬링 두번째 金도전,0.9984991550445557
 하지만 올림픽 금메달 못지 않게 어렵다는 국내 선발전에서 동급 최강 김연지삼성에스원를 꺾고 티켓을 따냈다,0.6598579287528992
 우승하면 한국선수단 최연소 금메달리스트의 영예를 차지한다,0.9703873991966248
  문대성은 2000 시드니 올림픽에는 김경훈에게 패해 출전하지 못했지만 이번에는 김세혁 대표팀 감독이 장담하는 확실한 금메달감,0.9989387392997742
  ▽육상 남자 5000m 29일 3시5분1만m 우승자 케네시아 베켈레에티오피아와 1500m 금메달리스트 히참 엘 게루즈모로코가 중간 거리인 5000m에서 ‘중장거리의 제왕’ 자리를 놓고 물러설 수 없는 맞대결을 펼친다,0.9895719289779663
 하지만 네가 꼭 금메달을 따기를 진심으로 바라면서 몇 자 적는다,0.37459126114845276
  올림픽 마라톤 금메달은 정직하다,0.4848039448261261
 첫째 선택은 금메달을 노릴 수는 있지만 오버페이스를 할 경우 자칫 메달은커녕 10위권 밖으로 처질 수도 있다,0.01803794875741005
 그리고 너도 알겠지만 두 번째 선택은 상위권 진입은 가능하나 금메달을 딸 수는 없다는 게 문제다,0.05971734970808029
 너에겐 이번이 올림픽 금메달을 딸 마지막 기회가 아닌가 싶다,0.9892076849937439
  지금까지 흘린 땀방울이 헛되지 않게 죽을 각오로 달려 한국에 멋진 금메달을 선사하기를 친구로서 진심으로 바란다,0.9981117248535156
 사상 첫 올림픽 금메달을 ‘조국’에 안겼기 때문이다,0.9977877140045166
 태국은 27일 현재 여자 역도에서만 금메달 2개와 동메달 2개를  획득했고  여자  태권도에서도 동메달을 추가했다,0.9739493131637573
탁신 총리는 태국이 태권도에서 금메달을 추가할 가능성이 있는 것으로  본다고 말했다,0.5375014543533325
 27일 새벽 한국시간 아테네 올림픽스타디움에서 열린 200ｍ 결승에서  미국의 숀 크로퍼드왼쪽가 19초79로 금메달을 따고 버나드  윌리엄스가운데가  은메달 저스틴 게이틀린이 동메달을 따 미국이 금은동을 싹쓸이 했다,0.9213459491729736
아테네올림픽레슬링 정지현 뜻밖의 金,0.9138072729110718
 2명의 올림픽 금메달리스트를 꺾고 결승에 오른 ‘깜짝 스타’ 정지현21·한국체대에겐 더 이상 거칠 것이 없었다,0.9772233963012695
  메달에 목말랐던 한국에 23일 탁구 남자 단식에서 우승한 유승민에 이어 사흘 만에 금메달을 안긴 순간이었다,0.9930780529975891
  한편 정지현은 예선 첫 경기에선 96년 애틀랜타 62kg급 금메달리스트 블로지미에르즈 자바즈키폴란드를 102로 완파했었다,0.8499568104743958
com ●입문 3년만에 태극마크… 체급 올린후 무서운 성장 아테네 올림픽 레슬링 최대 이변으로 꼽히는 정지현의 금메달,0.9978795051574707
 27일 새벽한국시간 아노 리오시아 올림픽홀에서 열린 레슬링 그레코로만형 남자 60kg급 시상식에서 한국의 정지현이 금메달을 깨물어 보고 있다,0.6428873538970947
 27일 새벽한국시간 아노 리오시아 올림픽홀에서 열린 레슬링 그레코로만형 남자 60kg급 시상식에서 한국의 정지현이 금메달을 깨물어 보고있다,0.6357589364051819
 27일 새벽한국시간 아노 리오시아 올림픽홀에서 열린 레슬링 그레코로만형 남자 60kg급 결승에서 한국의 정지현이 쿠바의 로베르토 몬존을 꺾고 금메달을 차지한후 환호하고 있다,0.7314959168434143
 27일 새벽한국시간 아노 리오시아 올림픽홀에서 열린 레슬링 그레코로만형 남자 60kg급 결승에서 한국의 정지현이 쿠바의 로베르토 몬존을 꺾고 금메달을 차지한후 환호하고 있다,0.7314959168434143
 27일 새벽한국시간 아노 리오시아 올림픽홀에서 열린 레슬링 그레코로만형 남자 60kg급 결승에서 한국의 정지현이 쿠바의 로베르토 몬존을 꺾고 금메달을 차지한후 환호하고 있다,0.7314959168434143
 27일 새벽한국시간 아노 리오시아 올림픽홀에서 열린 레슬링 그레코로만형 남자 60kg급 결승에서 한국의 정지현이 쿠바의 로베르토 몬존을 꺾고 금메달을 차지한후 환호하고 있다,0.7314959168434143
 27일 새벽한국시간 아노 리오시아 올림픽홀에서 열린 레슬링 그레코로만형 남자 60kg급 결승에서 한국의 정지현이 쿠바의 로베르토 몬존을 꺾고 금메달을 차지한후 환호하고 있다,0.7314959168434143
 27일 새벽한국시간 아노 리오시아 올림픽홀에서 열린 레슬링 그레코로만형 남자 60kg급 결승에서 한국의 정지현이 쿠바의 로베르토 몬존을 꺾고 금메달을 차지한후 환호하고 있다,0.7314959168434143
 27일 새벽한국시간 아노 리오시아 올림픽홀에서 열린 레슬링 그레코로만형 남자 60kg급 결승에서 한국의 정지현이 쿠바의 로베르토 몬존을 꺾고 금메달을 차지한후 들어보이고 있다,0.6147987246513367
 27일 새벽한국시간 아노 리오시아 올림픽홀에서 열린 레슬링 그레코로만형 남자 60kg급 시상식에서 한국의 정지현이 금메달을 목에 건후 환호하고 있다,0.8681055307388306
 27일 새벽한국시간 아노 리오시아 올림픽홀에서 열린 레슬링 그레코로만형 남자 60kg급 시상식에서 한국의 정지현이 금메달을 목에 건후 환호하고 있다,0.8681055307388306
 27일 새벽한국시간 아노 리오시아 올림픽홀에서 열린 레슬링 그레코로만형 남자 60kg급 결승에서 한국의 정지현이 쿠바의 로베르토 몬존을 꺾고 금메달을 차지한후 태극기를 들고 환호하고 있다,0.8519214391708374
 27일 새벽한국시간 아노 리오시아 올림픽홀에서 열린 레슬링 그레코로만형 남자 60kg급 결승에서 한국의 정지현이 쿠바의 로베르토 몬존을 꺾고 금메달을 차지한 후 태극기를 들고 경기장을 돌고 있다,0.8661004304885864
 27일 새벽한국시간 아노 리오시아 올림픽홀에서 열린 레슬링 그레코로만형 남자 60kg급 결승에서 한국의 정지현이 쿠바의 로베르토 몬존을 꺾고 금메달을 차지한 후 태극기를 들고 환호하고 있다,0.849174439907074
USOC 금메달 반환요청 수용불가,0.0323476567864418
 한편 국제체조연맹FIG 회장의 금메달 양보 요청에 대해 미국 올림픽위원회 USOC는 어처구니없는 요구라며 받아들일 수 없다고 발표했습니다,0.3278023898601532
 그러면서 금메달 양보를 요청하는 체조연맹회장의 서한을 폴 햄에게 전달하지 않겠다고 밝혀 진통은 계속될 것으로 보입니다,0.07654451578855515
한편 같은 체급의 김성국은 준결승에서 비탈리 타이베르트독일에게 2924로  판정승을 거두며 결승에 올라 92년 바르셀로나올림픽 최철수51kg에 이어 12 년만에 북한 복싱에 금메달을 선사할 기회를 잡았다,0.6912904977798462
 브루노 그란디 국제체조연맹FIG 회장이 남자체조 개인종합 우승자 폴 햄미 국에 대해 금메달 양보를 공식 요청했다,0.5870736241340637
신박제 한국선수단장은 27일한국시간 아테네 시내 팀코리아하우 회견을 갖고 그란디 회장이 햄에게 금메달을 양태영에게 양보해달라는 공식서 한을 통해 강력히 권고했다고 밝혔다,0.9161840677261353
 신 단장은 그란디 회장이 나와 만난 자리에서 진정한 챔피언은 양태영이라고  인정했다며 그란디 회장이 폴에게 금메달을 양태영에게 돌려달라고 공식 요 청했다고 말했다,0.8554005026817322
신 단장과 그란디 회장은 만일 햄이 금메달을 양보할 경우 양태영이 금메달리 스트가 되고 햄은 은메달 그리고 2위를 차지했던 김대은이 동메달로 바뀌는 것 에 대해 어느 정도 양해가 이뤄진 것으로 알려졌다,0.4629894196987152
그러나 미국올림픽위원회USOC는 즉각 금메달 양보 요청에 대해 어처구니없 는 요구라며 받아들일 수 없다고 발표해 양태영의 금메달 반환은 여전히 쉽지  않을 전망이다,0.18626491725444794
삼성에스원이 아테네올림픽 태권도 57kg급에서 한국에  8번째 금메달을 안겼다,0.935688853263855
장지원은 27일이하 한국시간 팔리로스포츠센터에서 열린 여자부 57kg급 결 승에서 다크호스 니아 압달라미국를 21로 꺾고 금메달을 목에 걸었다,0.9801270961761475
 우리나라는 여자 57KG급의 장지원이 태권도 첫 금메달을 따내 종주국으로서의 자존심을 지켰습니다,0.9136269092559814
 태권도 여자 57kg급에서 금메달을 목에 건 장지원 선수,0.6527547240257263
 금메달을 포함해 태권도에서 메달 스타트를 끊은 우리나라는 남은 두개 체급에서도 메달을 따내 종주국의 자존심을 지킨다는 계획입니다,0.9970253109931946
여자 태권도 황경선 금메달 유력,0.9378136396408081
 아테네 올림픽 폐막을 하루 앞둔 오늘 종합 순위 9위로 올라선 우리나라는 이미 금맥이 터진 태권도와 레슬링에서 금메달 추가에 나섭니다,0.9819326996803284
 태권도 여자 67kg급에 출전하는 황경선 선수는 아직 세계 무대에 이름이 알려지진 않았지만 실력은 세계 정상수준이어서 금메달이 기대되고 있습니다,0.9463348984718323
 문의제는 준결승 고비만 넘긴다면 금메달이 유력시되고 있습니다,0.9657517075538635
 우리나라는 내일 오후 4시 45분 덴마크와 금메달을 다툽니다,0.9063498973846436
 금메달 후보로 꼽히고 있는 레슬링 자유형 84kg급의 문의제 선수는 8강전에서 우크라이나 선수와 연장까지는 접전끝에 승리를 거두고 준결승에 진출했습니다,0.9051461815834045
 한국은 29일 오후 4시45분 덴마크―우크라이나 승자와 금메달을 놓고 격돌한다,0.9126815795898438
  한편 같은 체급의 김성국은 이날 준결승에서 비탈리 타이베르트독일에게 2924로 판정승을 거두며 결승에 올라 1992년 바르셀로나올림픽 최철수51g에 이어 12년 만에 북한 복싱에 금메달을 선사할 기회를 잡았다,0.8059386014938354
 2004아테네올림픽에서 만리장성을 허물고 탁구 남자단식에서 16년 만에 금메달 쾌거를 이뤘던 유승민22·삼성생명이 중국 슈퍼리그에 진출한다,0.9690728783607483
  강 감독은 “올림픽 금메달을 따기 전에 제시받은 조건인 만큼 조정이 필요하다,0.004746307618916035
 ‘비운의 태권숙녀’ 장지원25·삼성에스원이 금메달을 안으며 4년전 흘렸던 눈물을 보상받았다,0.9966253042221069
 한 번의 큰 기술이면 승부가 뒤바뀔 수 있는 상황이었지만 장지원은 통증을 참아가면서도 끝까지  침착성을 잃지 않아 금메달을 지켜낼 수 있었다,0.8887280225753784
  한편 남자 68g급에 출전해 동반 금메달을 노리던 송명섭20·경희대은 준결승에서 10년 동안 한국 선수와의 대결을 모두 승리로 이끌어 ‘한국 킬러’로 통하는 이란의 하디 사에이보네코할에 우세승을 내줘 결승 진출이 좌절됐다,0.02309430204331875
 하지만 3위 김경훈과의 갑작스런 재대결 결정이 내려졌고 여기에서 진 문대성은 시드니올림픽에서 김경훈이 금메달을 따는 것을 지켜볼 수밖에 없었다,0.055299218744039536
 그러나 문대성이 금메달을 획득하기까지는 걸림돌이 적지 않다,0.3626929521560669
 앵커멘트 올림픽 14일째 태권도에서 기대했던 금메달이 나왔습니다,0.8089179992675781
 태권도 여자 57kg급에서 금메달을 목에 건 장지원 선수,0.6527547240257263
 금메달을 포함해 태권도에서  메달 스타트를 끊은 우리나라는  남은 두개 체급에서도 메달을 따내  종주국의 자존심을 지킨다는 계획입니다,0.9970253109931946
 여자 태권도의 장지원25·삼성에스원이 한국선수단에 8번째 금메달을 안겼다,0.9842824339866638
태권도 여자 57kg 장지원 금메달 환호,0.7348043322563171
 28일 새벽한국시간 아테네 스포츠 파빌리온에서 열린 올림픽 태권도 여자 57kg급에서 금메달을 딴 한국의 장지원이 김세혁감독 품에 안겨 환호하고 있다,0.9462745785713196
 금메달을 확인한 장지원25·삼성에스원은  차분히 손을 들어 환호한 뒤 태극기를 들어 경기장을 돌았다,0.9691781401634216
  장지원이 28일한국시각 아테네 팔리로 체육관에서 열린 여자 57㎏이하 급에서  결선에서 미국의 니아 아브딜라를21로 꺾고 기대를 저버리지 않고 금메달을  따냈다,0.9781743288040161
 동아일보 미국 여자축구의 간판스타 미아 햄32·미국이 금메달을 목에 걸고 팬들과 작별했다,0.0457855723798275
 미국이 브라질을 21로 꺾고 우승한 뒤 금메달을 목에 건 햄은 “가정에 충실하기 위해 이제 그라운드를 떠난다”고 밝혔다,0.0706687942147255
  햄뿐 아니라 1991년 열린 제1회 여자월드컵에서부터 손발을 맞추기 시작해 1996년 애틀랜타 올림픽 금메달 1999년 여자월드컵 우승을 차례로 일궈 낸 미국 여자 축구의 ‘5인방’ 모두에게도 이날 승리는 감격적,0.9992572665214539
 복병 니아 앱달라미국를 21로 꺾고 대망의 금메달을 목에 건 순간 장지원25·삼성에스원은 지난 시간이 주마등처럼 머리를 스쳐갔다,0.9983443021774292
 정재은이 시드니에서 금메달을 목에 걸 때 소리죽여 울었다는 장지원은 이후 끝 모를 슬럼프를 헤맸다,0.9435262680053711
태권도 여자 57kg 장지원 금메달 환호,0.7348043322563171
 28일 새벽한국시간 아테네 스포츠 파빌리온에서 열린 올림픽 태권도 여자 57kg급 시상식에서 한국의 장지원이 금메달을 딴 후 기뻐하고 있다,0.9054681062698364
태권도 여자 57kg 장지원 금메달 환호,0.7348043322563171
 28일 새벽한국시간 아테네 스포츠 파빌리온에서 열린 올림픽 태권도 여자 57kg급 시상식에서 한국의 장지원이 금메달을 딴 후 기뻐하고 있다,0.9054681062698364
아테네올림픽태권도 장지원 ‘金빛 발차기’,0.9939571619033813
 동아일보 장지원삼성에스원이 한국에 8번째 금메달을 안겼다,0.984639048576355
  28일 그리스 아테네 팔리로 스포츠센터에서 열린 2004 아테네 올림픽 태권도 여자 57kg급 결승에서 장지원은 니아 앱달라미국를 21로 꺾고 금메달을 따냈다,0.9462217688560486
  태권도는 29일 황경선서울체고이 여자 67kg급에서 30일 문대성삼성에스원이 남자 80kg 이상급에서 금메달에 도전한다,0.9048733711242676
태권도 여자 57kg 장지원 금메달 환호,0.7348043322563171
 28일 새벽한국시간 아테네 스포츠 파빌리온에서 열린 올림픽 태권도 여자 57kg급 시상식에서 한국의 장지원이 금메달을 딴 후 기뻐하고 있다,0.9054681062698364
태권도 장지원 금메달 환호하는 가족들,0.12996092438697815
 28일 새벽한국시간 올림픽 태권도 여자 57kg급 결승전에서 한국의 장지원이금메달을 따자 서울 은평구 응암동 집 앞에 모여 TV를 보던 어머니 전삼분씨와 이웃들이 환호하고 있다,0.9761733412742615
태권도 장지원 금메달 환호하는 가족들,0.12996092438697815
 28일 새벽한국시간 올림픽 태권도 여자 57kg급 결승전에서 한국의 장지원이금메달을 따자 서울 은평구 응암동 집 앞에 모여 TV를 보던 어머니 전삼분씨와 이웃들이 환호하고 있다,0.9761733412742615
태권도 장지원 금메달 환호하는 가족들,0.12996092438697815
 28일 새벽한국시간 올림픽 태권도 여자 57kg급 결승전에서 한국의 장지원이금메달을 따자 서울 은평구 응암동 집 앞에 모여 TV를 보던 어머니 전삼분씨와 이웃들이 환호하고 있다,0.9761733412742615
태권도 여자 57kg 장지원 금메달 환호,0.7348043322563171
 28일 새벽한국시간 아테네 스포츠 파빌리온에서 열린 올림픽 태권도 여자 57kg급 결승전에서 한국의 장지원이 미국의 니아 압달라를 누르고 금메달을 딴 후 기뻐하고 있다,0.8155875205993652
태권도 여자 57kg 장지원 금메달 환호,0.7348043322563171
 28일 새벽한국시간 아테네 스포츠 파빌리온에서 열린 올림픽 태권도 여자 57kg급 결승전에서 한국의 장지원이 미국의 니아 압달라를 누르고 금메달을 딴 후 기뻐하고 있다,0.8155875205993652
태권도 여자 57kg 장지원 금메달 환호,0.7348043322563171
 28일 새벽한국시간 아테네 스포츠 파빌리온에서 열린 올림픽 태권도 여자 57kg급 결승전에서 한국의 장지원이 미국의 니아 압달라를 누르고 금메달을 딴 후 기뻐하고 있다,0.8155875205993652
태권도 여자 57kg 장지원 금메달 환호,0.7348043322563171
 28일 새벽한국시간 아테네 스포츠 파빌리온에서 열린 올림픽 태권도 여자 57kg급 결승전에서 한국의 장지원이 미국의 니아 압달라를 누르고 금메달을 딴 후 기뻐하고 있다,0.8155875205993652
태권도 여자 57kg 장지원 금메달 환호,0.7348043322563171
 28일 새벽한국시간 아테네 스포츠 파빌리온에서 열린 올림픽 태권도 여자 57kg급 결승전에서 한국의 장지원이 미국의 니아 압달라를 누르고 금메달을 딴 후 기뻐하고 있다,0.8155875205993652
태권도 여자 57kg 장지원 금메달 환호,0.7348043322563171
 28일 새벽한국시간 아테네 스포츠 파빌리온에서 열린 올림픽 태권도 여자 57kg급 결승전에서 한국의 장지원이 미국의 니아 압달라를 누르고 금메달을 딴 후 기뻐하고 있다,0.8155875205993652
태권도 여자 57kg 장지원 금메달 환호,0.7348043322563171
 28일 새벽한국시간 아테네 스포츠 파빌리온에서 열린 올림픽 태권도 여자 57kg급 결승전에서 한국의 장지원이 미국의 니아 압달라를 누르고 금메달을 딴 후 감독에 안겨 기뻐하고 있다,0.8285768628120422
아테네올림픽사상 첫金 대만 서러운 시상식,0.9829011559486389
”  27일 20분 간격으로 대만에 올림픽 사상 첫 번째와 두 번째 금메달을 안긴 태권도 여자 49kg급의 천스신陳詩欣·26과 남자 58kg급의 주무옌朱木炎·22,0.9803538918495178
  이들은 꿈에도 그리던 금메달을 안았지만 정작 시상식에선 ‘나라 잃은 설움’에 목이 멨다,0.9057999849319458
 그러나 금메달을 딴 기쁨보다 금메달을 따고도 조국의 국기와 국가를 자랑할 수 없는 설움이 더 큰 것 같았다,0.8240119218826294
 다시 마음을 추스른 천 선수는 2002년 부산 아시아경기에서 금메달을 따냈고 지난해부터는 이 코치의 집중 지도를 받았다,0.9777310490608215
  29일까지 2004 아테네 올림픽 육상에 걸린 46개의 금메달 중 남자 마라톤을 제외한 45개의 주인이 가려진 가운데 세계 육상의 세력재편 조짐이 뚜렷하다,0.9904364943504333
  단거리를 중심으로 철옹성을 구축했던 미국의 아성이 위협받는 반면 중국이 트랙종목에서 금메달 2개를 따며 세계 육상의 변방에서 중심으로 발을 들여놓은 것,0.9854012131690979
 2000 시드니 올림픽에서 미국이 육상에서 따낸 금메달 수는 10개였으나 이번 대회에선 8개에 그쳤다,0.9036126136779785
 ‘단거리 여왕’ 매리언 존스가 빠진 여자 100m와 200m는 모두 금메달을 놓쳤다,0.010958290658891201
중국은 28일 열린 남자 110m 허들에서 류샹이 세계 타이기록이자 올림픽 기록인 12초91로 우승하며 남자 올림픽 출전 사상 첫 금메달을 따냈다,0.955621600151062
  중국은 이어 여자 1만m에서도 싱후이나가 30분24초36으로 금메달을 목에 걸며 육상에서 2개의 금메달을 수확했다,0.9817696213722229
 중국이 올림픽 육상에서 금메달을 딴 것은 1996년 애틀랜타 올림픽 여자 5000m에서 우승한 왕준샤 이후 처음,0.9357794523239136
한편 결승에서는 미국을 꺾은 아르헨티나가 이탈리아를 8469로 제치고 사상 처음으로 금메달을 차지하는 감격을 누렸다,0.8902319073677063
 동아일보 꼬리를 물고 이어진 부상도 금메달을 향한 집념을 꺾지 못했다,0.976340115070343
 여자 포환던지기 우승자이리나 코르차넨코러시아에 이어 남자 원반던지기 금메달리스트 로베르트 파제카스헝가리도 부정행위가 발각돼 메달을 잃었다,0.023535672575235367
 남자 기계체조 개인종합에서 동메달을 딴 양태영경북체육회은 심판의 오심으로 금메달이 동메달로 바뀌었다는 판정이 내려졌고 심판 3명이 자격정지를 받아 올림픽 무대에서 퇴출됐다,0.07082951068878174
유승민은 중국의 차세대 에이스 왕하오를 맞아 6전 전패의 열세를 딛고 88서울올림픽 이후 16년 만에 한국 탁구에 금메달을 선사함과 동시에 세계남자 단식의 강자로 우뚝 섰다,0.9951299428939819
 무명이나 다름없던 ‘빤찌챔팬지’ 정지현은 레슬링 그레코로만형 60kg급에서 금메달을 획득 레슬링의 새 강자로떠올랐다,0.14298571646213531
펠프스는 “금메달 8개를 따내겠다”고 큰 소리를 쳐 대회 전부터 관심을모았던 선수,0.9512711763381958
 목표에는 미치지 못했지만 금메달 6개와 동메달 2개를 따낸펠프는 어쨌든 올림픽 역사의 한 페이지를 화려하게 장식했다,0.9976134300231934
 일본의 또 다른 샛별로는 여자 마라톤에서 폭염을 뚫고 금메달을 따 낸 150㎝ 40㎏의 단신 마라토너 노구치 미즈키26ㆍ일본가 꼽힌다,0.9835297465324402
 그리스의 역도 영웅 아카키오스 카키아스빌리스 일본 유도의 간판이었던이노우에 고세이 등도 금메달 후보라는 이름에 미치지 못하는 성적을 냈다,0.011625127866864204
삼성 올림픽 브랜드 홍보 금메달,0.08406403660774231
 삼성이 2004 아테네 올림픽에서 전방위 마케팅 활동을 펼쳐 금메달보다 빛나 는 성과를 거뒀다,0.7115519046783447
금메달보다 값진 마케팅 성과 삼성은 이번 올림픽 마케팅 활동의 손익을 따 져보는 일에 착수했다,0.9961140155792236
 아테네올림픽 남자체조 오심 논란의 주인공 폴햄미국이 양태영에게 금메달을  양보할 생각이 없다고 밝혔다,0.09264777600765228
 브루노 그란디 국제체조연맹FIG 회장이 공식 서한을 보내 부탁한 금메달양보 를 정면으로 거부한 것이다,0.2647523283958435
 남자농구 준결승에서 미국을 8981로 꺾고 올라온 아르헨티나는 29일 새벽이하  한국시간 아테네 헬리니코 실내체육관에서 열린 결승전에서 이탈리아를 846 9로 이기고 금메달을 획득했다,0.9737846255302429
 영국은 육상 남자 4백m 계주에서 38초07을 기록해 미국38초08을 1백분의 1초  차로 제치고 금메달을 따내는 이변을 연출했다,0.6909617781639099
 이날 문의제는 준결승에서 우승 후보 사지드 사지도프러시아를 완파기대를  부풀렸으나 신장과 힘이 좋은 샌더슨의 벽에 막혀 금메달의 꿈을 접었다,0.0054346490651369095
 앞서 16강에서 루오웨이중국에게 덜미를 잡혀 금메달 꿈이 좌절된 황경선은  패자전에서 만난 상대 니나 솔하임핀란드이 기권하는 행운으로 패자 2회전에  오른뒤 안토아네트 리베로필리핀를 62로 꺾고 동메달 결정전에 진출했다,0.5737910866737366
 한편 북한의 김성국20은 복싱에서 금메달 획득에 실패했다,0.1718030720949173
 한국은 양궁을 비롯 태권도 유도 탁구 레슬링 배드민턴 등에서 금메달을 따내며  선전했으나 전반적인 전력약화로 기대에 다소 못미치는 성과를 거뒀다는 평가 를 받았다,0.03415430337190628
복식에서 우승 조국 칠레에 올림픽 사상  처음 으로 금메달을 선사한 칠레의 두 영웅 니콜라스 마수10번시드와 페르난도  곤살레 스14번시드의 상승세가 어떻게 전개될지 이목이 집중된다,0.9970721006393433
여자 단식은 4개월의 공백을 깨고 처음으로 출전한 올림픽에서 당당히 금메달을 목에 건 세계 1위 쥐스틴 에넹톱시드의 2연패를 누가 저지할지 주목된다,0.7633296847343445
  김영호가 2000년 시드니 올림픽에서 사상 첫 금메달을 딴 펜싱은 노메달에 그쳤고 태권도는 금메달 2개와 동메달 2개로 대만금 2개 은 1개에 종합 1위 자리를 내줬다,0.00832337886095047
  로이터통신은 수영 종목에선 금메달 6개를 포함해 8개의 메달을 가져간 마이클 펠프스미국를 ‘최고의 선수’로 꼽았으며 이언 소프호주와 펠프스가 맞대결한 남자 200m 결승전이 ‘최고의 순간’이었다고 했다,0.9978395700454712
  그러나 브라질 육상연맹은 아테네 올림픽 조직위원회에 “관중의 방해로 리마가 우승하지 못했으니 금메달을 줘야 한다”고 서면 요구했다,0.8215845227241516
  시상대에서 동메달을 목에 건 그는 분통이 터질 만도 하지만 금메달리스트가 된 스테파노 발디니이탈리아에게 먼저 악수를 청했다,0.16025865077972412
 러시아는 막판 분전으로 겨우 3위에 랭크됐지만 당초 ‘금메달을 38개 이상 획득해 종합우승하겠다’고 장담했었다,0.9027308225631714
”  ―양태영이 금메달을 되찾을 가능성은…,0.018595684319734573
 이날 귀국 선수단에는 이연택 대한올림픽위원회KOC위원장과 신박제 선수단장 을 포함해 대회 마지막날 화려한 뒷발 후리기로 금메달을 획득한 태권도 남자  80 이상급의 문대성레슬링 자유형의 정지현 선수 등이 포함됐다,0.8438613414764404
 한국 태권도의 간판 문대성삼성 에스원이 한국에 9번째 금메달을 안겼다,0.9713483452796936
 한국은 이로써 당초 목표로 세웠던 금메달 13개는 획득하지 못했지만 금 9개  은 12개 동 9개로 2백2개 출전국 가운데 9위를 차지하며 톱10에 진입했다,0.9975905418395996
금메달의 꿈 날려 버린 꿈의 팀,0.0028942888602614403
  모든 종목을 통틀어 올림픽에서 가장 확실한 금메달이라는 평가를 받으며 화려하게 금메달 사냥에 나섰던 미국은 대회 초반부터 유럽 챔피언 리투아니아에게 패해 삐걱거리면서 국 내외로부터 많은 의심과 비판을 받았다,0.9811002016067505
  이로써 1992 바르셀로나 올림픽 때부터 2000 시드니 올림픽까지 이어 온 금메달 행진을 멈춘 드림팀은 올림픽 4연패 달성에 실패하며 호주를 7463으로 누르고 올림픽 3연패를 달성한 여자 대표팀과 좋은 대조를 이루었다,0.7268500924110413
  한편 미국을 꺾고 결승전에 진출한 아르헨티나는 리투아니아를 누르고 올라온 이탈리아와 함께 금메달을 놓고 한판 승부를 벌이게 되었으며 3 4위 결정전으로 내려간 미국은 예선에서 맞붙어 패배한 적이 있던 리투아니아를 상대로 힘겨운 동메달 획득에 나선다,0.9286023378372192
 먼저 세계 최강인 양궁이 시드니대회에 이어 2연속 금메달 3개를 쓸어담고 사격 에서는 클레이의 더블트랩과 트랩권총50m에서 메달을 따내는 수확을 거뒀다 ,0.9947388768196106
 또 탁구 남자 단식에서 금메달을 획득한 유승민이 중국의 아성을 무너뜨렸고 배 드민턴유도 등이 나름대로 제 역활을 했다는 평가다,0.9351646304130554
 펠프스는 자신의 주종목인 개인혼영 2백m4백m를 포함한 6개종목에서 금메달을  휩쓸었고 자유형 2백m와 계영 4백m에서도 동메달을 보태 단일 올림픽 최다 메 달 기록과 타이를 이뤘다,0.92701655626297
 유승민은 중국의 차세대 에이스 왕하오를 맞아 6전 전패의 열세를 딛고 88서울 올림픽 이후 16년만에 한국 탁구에 금메달을 선사함과 동시에 세계 남자 단식의  강자로 부상했다,0.9916884303092957
  특히 남자 기계체조 개인종합에서 동메달을 딴 양태영경북체육회은 심판의  오심으로 인해 금메달이 동메달로 바뀌었다는 판정이 내려졌고 심판 3명이 자 격정지를 받아 올림픽 무대에서 퇴출되는 볼썽사나운 사건이 터져나왔다,0.05491828918457031
 오심으로 인해 받지못한 양태영경북체육회의 금메달을 되찾는데는 상당한 시 일이 걸릴 것으로 보인다,0.147250697016716
이에 따라 대회 폐막 전에 양태영의 금메달을 되찾아 오겠다던 한국 선수단의  계획은 차질을 빚게 됐다,0.00821848027408123
 한국태권도의 간판 문대성삼성에스원이 아테네올림픽 태권도에서 멋진 발차 기로 금메달을 따내며 한국을 톱10에 진입시켰다,0.9832905530929565
 한국은 문대성의 금메달 획득으로 메달 순위 9위로 뛰어올랐다,0.9842680096626282
또 한국 여자 핸드볼 선수들은 29일 세계 최강의 덴마크를 맞아 기적과 같은  투혼을 발휘금메달 보다 값진 은메달을 목에 걸었다,0.9217439293861389
 김차연이 4번째 나와 골을 성공시켰지만 결국 4명이 골을 모두 넣은 덴마크에  금메달을 넘겨줘야 했다,0.006233281455934048
 하지만 이 사건으로 다 잡았던 금메달이 이탈리아의 스테파노 발디니에게 넘어갔다,0.009355601854622364
  팬의 방해로 금메달이 바뀌게 돼 이번 남자 마라톤은 큰 파문을 일으킬 것으로 보인다,0.5041446685791016
태권도 80kg 이상급 결승 문대성 금메달 한방,0.9813122153282166
태권도 80kg 이상급 결승 문대성 금메달 한방,0.9813122153282166
  특히 미국은 1996년과 2000년에 이어 종합순위 1위를 3연패했지만 금메달수가 가까스로 30개를 넘기는 데 그쳐 사상 최소를 기록했다,0.04340531677007675
  한편 러시아는 전통적인 강세 종목인 수영 경영과 기계체조에서 단 1개의 금메달도 건지지 못하는 부진 끝에 중국에 이어 종합 3위로 내려앉았다,0.004477969370782375
  대회 초반에 사격과 역도 다이빙 등 중국의 강세 종목이 몰린 때문이라며 중국의 1위 질주를 ‘찻잔 속 태풍’이라던 시각이 없지 않았지만 카누와 테니스에서 금메달을 수확하는가 하면 육상에서도 금메달 2개를 거머쥐어 각국 전문가들을 놀라게 했다,0.989487886428833
아테네특별취재단 ◇아테네 올림픽 하이라이트 14일중국 두리 대회 첫 금메달 여자 10m 공기소총 15일일본 노무라 다디히로 유도 사상 첫 올림픽 3연패 남자 60kg급 16일터키 하릴 무틀루 3개 대회 연속 금 역도 56kg급 17일일본 쓰카하라 나오야 아버지 미쓰오에 이어 부자 올림픽 금메달 남자 체조 단체 18일우크라이나 야나 클로츠코바 여자수영사상 첫 같은 종목 2관왕 2연패 개인혼영 200m 400m 19일일본 기타지마 고스케 수영 200m 우승으로 올림픽 2관왕 평영 100m 200m 20일미국 칼리 패터슨 스베틀라나 호르키나러시아 꺾고 미국 선수로는 20년 만에 여자 체조 개인종합 금메달 21일독일 랄프 슈만 42세의 나이로 올림픽 3번째 금메달 남자 25m 속사권총 22일미국 마이클 펠프스 수영 6관왕 달성 23일루마니아 엘리사베타 리파 여자 조정에서 통산 5번째 금메달 24일영국 켈리 홈스 육상 여자 800m에서 세계 최강 마리아 무톨라모잠비크 누르고 우승 25일케냐 에제키엘 켐보이 육상 남자 3000m 장애물 금  26일쿠바 야구 8년 만에 올림픽 금메달  27일폴란드 로베르트 코제니우스키 50km 경보 올림픽 3연패 28일중국 류샹 세계타이기록으로 남자 100m 허들 금메달 29일영국 남자 400m계주에서 미국 아성 무너뜨리고 금메달  기사제공  동아일보 기자 카드  본문 내 기자 정보  카피라이트 배너 Copyrigh ⓒ 동아일보,0.9684360027313232
삼성 올림픽 홍보 금메달,0.1265246421098709
 삼성이 2004 아테네 올림픽에서 전방위 마케팅 활동을 펼쳐 금메달보다 빛나 는 성과를 거뒀다,0.7115519046783447
태권도 80kg 이상급 결승 문대성 금메달 한방,0.9813122153282166
 심판들이 평행봉에서 가장 기본적인 스타트 밸류를 잘못 기재하는 바람에 다 잡은 금메달을 날려 보냈다,0.31209853291511536
  오심 판정을 한 심판 3명이 자격정지를 받고 올림픽 무대에서 퇴출됐지만 코칭스태프를 비롯한 한국 선수단의 미숙한 대응도 금메달을 놓치는 데 한몫했다,0.030244478955864906
 특히 한국선수단이 국제체조연맹FIG을 자극해 브루노 그란디 FIG 회장이 폴 햄미국에게 ‘금메달을 양보하면 진정한 챔피언’이라는 식의 편지를 보내게 한 것은 한국에 우호적이던 세계 언론들의 태도를 바꾸게 했다,0.8271294832229614
  지난달 30일 열린 남자 마라톤에선 1위를 달리던 반데를레이 리마브라질가 아일랜드 종말론자의 주로 난입 방해로 금메달을 놓치는 희대의 해프닝이 벌어지기도 했다,0.2650589048862457
’  브라질 스포츠계가 2004 아테네 올림픽 남자 마라톤 경기 도중 벌어진 초유의 관중 난입 사태로 동메달에 그친 리마사진에게 공동 금메달을 줄 것을 국제육상연맹IAAF에 요구하고 나섰다,0.9091166853904724
  이는 심판 오심으로 동메달에 그친 한국 남자체조 양태영의 금메달 소청 사건과 닮은꼴,0.00880571361631155
  이와 관련해 호베르투 데 멜루 브라질육상연맹회장은 “1주일 안에 IAAF에 공동 금메달을 요구할 예정”이라고 밝혔다,0.9611664414405823
 데 멜루 회장은 “페어플레이 정신을 구현하기 위해서 소청을 제기하는 것이지 금메달의 주인공이 된 스테파노 발디니이탈리아의 메달을 빼앗아올 생각은 없다”고 강조했다,0.5752758979797363
  한국선수단은 이미 28일 CAS에 금메달 소청을 냈고 이에 대한 심의가 조만간 스위스 로잔에서 열릴 예정,0.855577826499939
 따라서 한국 양태영에 대한 CAS의 판정 결과는 리마의 마라톤 공동 금메달 소청에도 큰 영향을 미칠 전망이다,0.21186982095241547
  한편 자크 로게 국제올림픽위원회IOC 위원장은 “공동 금메달은 절대로 있을 수 없다”고 못 박은 바 있어 IAAF와 CAS의 추후 판정 결과에 관심이 쏠리고 있다,0.912211537361145
  선수들은 금메달에 대한 찬사보다 비인기종목에 지속적인 관심을 가져달라는 부탁을 잊지 않았습니다,0.9257550239562988
 인터뷰정지현 레슬링 금메달리스트 여기에 만족하지 않고 그랜드슬램 이루도록 노력하겠습니다,0.9773916006088257
  인터뷰문대성 태권도 금메달리스트 올림픽이나 아시안게임 때만 그러지 말고 평상시에도 관심을 갖고 지켜봐주세요,0.9981383085250854
 영종도공항사진기자단 고생했다 아들아 2004 아테네올림픽 체조 남자 개인종합에서 심판의  채점 잘못으로 금메달을 놓친 ‘진짜 챔피언’ 양태영 선수가운데가 마중나온  부모와 함께 밝게 웃고 있다,0.9850233793258667
 영종도공항사진기자단 사부님 멋져요 현란한 발차기로 아테네올림픽 태권도  금메달을 딴 문대성 선수가 자신이 운영하는 태권도체육관의 어린이 제자들로부터  뜨거운 환영을 받고 있다,0.9527918100357056
 이번 대회 35개의 금메달은 지난 시드니대회 보다  5개 안방인 애틀랜타올림픽 때보다 9개가 줄어든 것이다,0.9984923601150513
 러시아 역시 전통적인 강세  종목인 수영 경영과 체조에서 단 1개의 금메달도 건지지 못하는 부진 끝에 종합  3위로 내려 앉았다,0.0035937614738941193
 레오니드 챠가초프 러시아 올림픽위원장은 38개의 금메달로  종합우승을 하겠다고 호언했지만 성적부진으로 아테네에서 두문불출할 정도였다,0.06768567860126495
 이어 수영 경영에서 3개의 금메달을 따며 세계와 어깨를  나란히 했다,0.8972339630126953
 또 커누 테니스 육상  등에서도 금메달을 수확하며 꾸준한 금메달 레이스를 이어갔다,0.9943267703056335
  이밖에 오스트레일리아도 수영 경영7개과 사이클6개에서 금메달을 몰아 따며  전통의 스포츠 강국 독일과 프랑스를 제쳤다,0.9944660067558289
  한편 이번 대회는 대만 아르헨티나 칠레 등이 첫 금메달을 따는 등 지난  대회보다 더 많은 국가들이 금메달을 나눠가졌다,0.9976988434791565
 이번 대회 1개의 금메달이라도  딴 국가는 54개로 시드니51개국 애틀랜타53개국 올림픽 때보다 많았다,0.984538197517395
 ‘그놈’이라는 아이디를 가진 네티즌도 “첫 메달부터 마지막 태권도  금메달까지 지켜봤는데 월드컵 끝나고 모처럼 즐겁고 행복했다”며 “무슨 낙으로  살아야할지 모르겠지만 후유증 치료 차원에서 재방송을 봐야겠다”고 말했다,0.9993602633476257
 심판의 실수로 금메달을  놓친 체조31,0.4965445101261139
그는 항간에는 쏠트레이크 시티 동계올림픽 경우처럼 금메달 2개를 한국과  미 국 선수에게 주면 해결된다는 주장이 있다면서 그러나 쏠트레이크 대회 사례는 심 판이 매수당한 사실을 해당 경기연맹이 확인하고 2개의 금메달 수여 의견을 제시 I OC가 동의한 경우여서 접근방식부터 다르다고 지적했다,0.029137177392840385
박 회장의 이같은 언급은 양태영 선수에게 금메달을 공동 수상의  기회를  줘야 한다는 대다수 국내 여론과 달리 IOC의 미온적 입장을 두둔한 것으로 받아들여져 주 목된다,0.9037951231002808
